intersection_angle_deg,det_fim_norm,tr_crlb_norm
5.0,0.007596123493895969,263.2921912877198
5.4260651629072685,0.008941821966433358,223.66806312044523
5.852130325814536,0.010396135917734297,192.37917009033043
6.2781954887218046,0.011958743673070291,167.24164800887647
6.704260651629072,0.013629299604576752,146.74268363198905
7.130325814536341,0.015407434207701232,129.80746651511402
7.556390977443609,0.017292754182932864,115.6553767458226
7.982456140350877,0.019284842522794936,103.70839158452935
8.408521303258144,0.02138325860408141,93.53111408465412
8.834586466165414,0.023587538285316758,84.79053540084766
9.260651629072681,0.025897194009417892,77.22844410373845
9.68671679197995,0.02831171491153526,70.64213546404159
10.112781954887218,0.03083056693204922,64.87068513556737
10.538847117794486,0.03345319293469695,59.78502571949244
10.964912280701753,0.03617901282980348,55.28066808811444
11.390977443609021,0.03900742370258969,51.272291532219825
11.81704260651629,0.04193779994652907,47.689673815746445
12.24310776942356,0.04496949340172341,44.47459485775199
12.669172932330827,0.04810183349826705,41.57845667300922
13.095238095238095,0.05133412740456802,38.96043628516082
13.521303258145362,0.054665660180593094,36.586039451326734
13.947368421052632,0.05809569493600284,34.42595879441951
14.3734335839599,0.061623472993141915,32.455165261824504
14.799498746867167,0.06524821405484846,30.652179971068254
15.225563909774436,0.06896911637704524,28.998486642430777
15.651629072681704,0.07278535694607473,27.478054431769312
16.07769423558897,0.07669609166073862,26.0769480777052
16.50375939849624,0.08070045551900196,24.78300756962982
16.929824561403507,0.08479756280931955,23.58558352080601
17.355889724310778,0.08898650730654378,22.475317444591134
17.781954887218042,0.09326636247236925,21.44395843241461
18.208020050125313,0.09763618166027101,20.484209500931527
18.63408521303258,0.10209499832488941,19.589598244916434
19.06015037593985,0.10664182623581764,18.75436749908417
19.48621553884712,0.11127565969574225,17.973382548066134
19.912280701754383,0.11599547376288988,17.242052082896485
20.338345864661655,0.12080022447773102,16.55626062490216
20.764411027568922,0.1256888490938893,15.912310554343641
21.19047619047619,0.13066026631320718,15.306872214738776
21.616541353383457,0.13571337652491433,14.736940832305052
22.042606516290725,0.14084706204884692,14.199799207074575
22.468671679197993,0.14606018738266338,13.692985308585124
22.894736842105264,0.15135159945300228,13.214264052895194
23.32080200501253,0.1567201278705268,12.761602655482042
23.7468671679198,0.16216458518879892,12.333149051449888
24.172932330827066,0.16768376716692693,11.927212954424068
24.598997493734334,0.17327645303592712,11.54224919173132
25.0250626566416,0.17894140576874154,11.176843008513856
25.451127819548873,0.1846773723538519,10.829697079336233
25.87719298245614,0.19048308407242878,10.499620004259933
26.303258145363408,0.19635725677895524,10.18551609860518
26.729323308270676,0.20229859118526253,9.886376312766433
27.155388471177943,0.20830577314791535,9.601270141369653
27.58145363408521,0.2143774739588826,9.329338400468316
28.00751879699248,0.22051235063942973,9.069786767954307
28.43358395989975,0.22670904623716792,8.821879996388557
28.859649122807017,0.23296619012619316,8.584936719429715
29.285714285714285,0.239282398310251,8.358324783283146
29.711779448621552,0.24565627372885718,8.141457043378821
30.13784461152882,0.25208640656630954,7.933787574039278
30.563909774436087,0.25857137456351964,7.734808245406484
30.98997493734336,0.26510974333259757,7.544045627515352
31.416040100250626,0.2717000666741194,7.361058186263996
31.842105263157894,0.278340886897007,7.185433740246899
32.26817042606516,0.28503073514095,7.016787151080335
32.69423558897243,0.29176813170129734,6.854758223038336
33.1203007518797,0.2985515863563486,6.6990097905988595
33.54636591478696,0.30537959869697145,6.549225974930311
33.97243107769424,0.31225065845847083,6.405110592476137
34.3984962406015,0.3191632458546402,6.266385700660786
34.82456140350877,0.32611583191391724,6.1327902673793755
35.25062656641604,0.3331068788175728,6.004078952375245
35.67669172932331,0.34013484023985463,5.880020989880513
36.10275689223057,0.34719816169001433,5.760399163016425
36.528822055137844,0.35429528085614015,5.645008861442019
36.954887218045116,0.36142462795071895,5.533657214617661
37.38095238095238,0.3685846260578523,5.4261622938285115
37.80701754385965,0.37577369148204953,5.322352376804268
38.233082706766915,0.38299023409851873,5.222065269386292
38.659147869674186,0.3902326577048829,5.125147679240415
39.08521303258145,0.3974993603742364,5.031454637101922
39.51127819548872,0.4047887348094714,4.9408489614746145
39.937343358395985,0.4120991686987894,4.8532007630955345
40.363408521303256,0.41942904507232315,4.768386985825303
40.78947368421053,0.42677674265978927,4.686290980936434
41.21553884711779,0.43414063624909033,4.606802112052211
41.64160401002506,0.44151909704579173,4.529815388240324
42.06766917293233,0.44891049303338687,4.455231122991936
42.4937343358396,0.45631318933427933,4.382954617020436
42.91979949874686,0.4637255485713948,4.312895862997899
43.34586466165413,0.4711459312303469,4.244969270512886
43.771929824561404,0.4785726960220769,4.179093409682817
44.19799498746867,0.4860042002458827,4.115190771989513
44.62406015037594,0.49343880015276437,4.053187547028765
45.0501253132832,0.500874851308998,3.993013413975873
45.476190476190474,0.5083107089598632,3.934601346669488
45.902255639097746,0.5157447283934395,3.877887431307462
46.32832080200501,0.5231752653043964,3.822810695831253
46.75438596491228,0.5306006761576906,3.769312950150887
47.180451127819545,0.5380193185520931,3.7173386364310494
47.606516290726816,0.545429551583468,3.6668346887213663
48.03258145363408,0.552829736207717,3.617750401270983
48.45864661654135,0.5602182356033154,3.5700373049194685
48.88471177944862,0.5675934155333537,3.523649051003611
49.310776942355886,0.5749536447070093,3.478541302263038
49.73684210526316,0.5822972951403669,3.4346716302672946
50.16290726817042,0.5896227425165054,3.391999418923387
50.58897243107769,0.5969283665447761,3.3504857736560227
51.01503759398496,0.6042125513191883,3.3100934358833882
51.44110275689223,0.6114736856758274,3.2707867024392274
51.8671679197995,0.618710163549221,3.2325313496177785
52.29323308270676,0.6259203843275802,3.1952945615416875
52.719298245614034,0.6331027532068334,3.1590448625747864
53.1453634085213,0.6402556815433749,3.1237520535216174
53.57142857142857,0.6473775872054521,3.0893871513739612
53.99749373433583,0.6544668949231117,3.055922332381632
54.423558897243105,0.6615220366366282,3.023330878240407
54.849624060150376,0.6685414518433379,2.9915871252044193
55.27568922305764,0.6755235879428003,2.9606664159436415
55.70175438596491,0.6824669005802139,2.930545053979405
56.127819548872175,0.6893698539880053,2.901200260542288
56.553884711779446,0.6962309213255217,2.8726101337072087
56.97994987468672,0.7030485850167466,2.844753609670319
57.40601503759398,0.7098213370859674,2.8176104260413033
57.83208020050125,0.7165476794913194,2.7911610870330494
58.25814536340852,0.7232261244561335,2.765386830438407
58.68421052631579,0.7298551947980113,2.7402695962909513
59.11027568922305,0.7364334242555575,2.7157919971133184
59.53634085213032,0.7429593578126995,2.6919372896628904
59.962406015037594,0.7494315520205153,2.6686893480903926
60.38847117794486,0.7558485753165054,2.646032638432263
60.81453634085213,0.7622090083412363,2.623952194362694
61.24060150375939,0.768511444252283,2.6024335941358476
61.666666666666664,0.774754489035403,2.581462938653084
62.09273182957393,0.7809367618128746,2.561026830594041
62.5187969924812,0.7870568951489291,2.541112354554183
62.94486215538847,0.7931135353522065,2.521707058134922
63.370927318295735,0.799105342775177,2.5027989339356562
63.796992481203006,0.8050309921104514,2.4843764024001667
64.22305764411027,0.8108891726839216,2.4664282954726104
64.64912280701753,0.8166785887446639,2.4489438410210407
65.07518796992481,0.8223979597515426,2.431912647988848
65.50125313283208,0.8280460206564468,2.415324692236873
65.92731829573935,0.8336215221841045,2.3991703030410747
66.35338345864662,0.8391232311084029,2.383440150212726
66.77944862155388,0.8445499305251634,2.368125231809974
67.20551378446115,0.8499004201213042,2.3532168624114163
67.63157894736841,0.8551735164403318,2.3387066619240264
68.05764411027569,0.8603680531441087,2.324586544899299
68.48370927318295,0.8654828812708281,2.310848710333021
68.90977443609023,0.870516869489152,2.297485631925394
69.3358395989975,0.8754689043484448,2.284490048779598
69.76190476190476,0.8803378905250543,2.2718549565180624
70.18796992481202,0.8851227510645819,2.2595735987968886
70.6140350877193,0.8898224276200913,2.2476394591999402
71.04010025062657,0.8944358806862,2.236046253495136
71.46616541353383,0.8989620898290046,2.224787922236441
71.8922305764411,0.9034000539117863,2.2138586236959563
72.31829573934837,0.9077487913164498,2.2032527271113502
72.74436090225564,0.9120073401606426,2.192964806234692
73.1704260651629,0.9161747585105121,2.1829896331694805
73.59649122807018,0.9202501245890483,2.173322172483411
74.02255639097744,0.9242325369799672,2.163957575585061
74.4486215538847,0.9281211148270943,2.1548911753533297
74.87468671679197,0.9319149980291958,2.1461184810090828
75.30075187969925,0.9356133474302234,2.137635173218985
75.72681704260651,0.9392153450049225,2.1294370994220904
76.15288220551378,0.9427201940397704,2.12152026937022
76.57894736842105,0.946127119309197,2.1138808508736915
77.00501253132832,0.9494353672470554,2.1065151657443724
77.43107769423558,0.9526442061132996,2.099419685928512
77.85714285714285,0.9557529261558366,2.0925910298221755
78.28320802005013,0.9587608397675133,2.086025958762535
78.70927318295739,0.9616672816382064,2.079721373688608
79.13533834586465,0.9644716089019798,2.0736743119654255
79.56140350877193,0.9671732012792782,2.0678819443659147
79.9874686716792,0.969771461214124,2.0623415722051273
80.41353383458646,0.9722658140062896,2.0570506246217373
80.83959899749372,0.9746557079384127,2.0520066560020367
81.265664160401,0.9769406143980289,2.04720734354192
81.69172932330827,0.9791200279944937,2.042650484942636
82.11779448621553,0.9811934666707683,2.0383339962363243
82.54385964912281,0.9831604718100443,2.0342559097376105
82.96992481203007,0.9850206083371825,2.0304143721177654
83.39598997493734,0.9867734648149472,2.0268076425981585
83.8220551378446,0.9884186535350096,2.0234340912599547
84.24812030075188,0.989955810603704,2.02029219746722
84.67418546365914,0.9913845960225158,2.017380548400791
85.1002506265664,0.9927046937632857,2.014697837700471
85.52631578947368,0.9939158118381096,2.012242864213295
85.95238095238095,0.9950176823639231,2.0100145308458037
86.37844611528821,0.9960100616217537,2.0080118435184273
86.80451127819549,0.9968927301106272,2.006233910220266
87.23057644110276,0.99766549259612,2.0046799401627196
87.65664160401002,0.9983281781535414,2.003349243030585
88.08270676691728,0.9988806402057389,2.002241228329404
88.50877192982456,0.9993227565555214,2.001355404827992
88.93483709273183,0.9996544294126858,2.000691380095254
89.36090225563909,0.9998755854156468,2.000248860130536
89.78696741854637,0.999986175647665,2.000027649086901
90.21303258145363,0.999986175647665,2.000027649086901
90.6390977443609,0.9998755854156468,2.000248860130536
91.06516290726816,0.9996544294126858,2.000691380095254
91.49122807017544,0.9993227565555214,2.001355404827992
91.9172932330827,0.9988806402057389,2.002241228329404
92.34335839598997,0.9983281781535414,2.003349243030585
92.76942355889724,0.99766549259612,2.0046799401627196
93.19548872180451,0.9968927301106272,2.006233910220266
93.62155388471177,0.9960100616217537,2.0080118435184273
94.04761904761904,0.9950176823639233,2.0100145308458033
94.47368421052632,0.9939158118381096,2.012242864213295
94.89974937343358,0.9927046937632857,2.014697837700471
95.32581453634084,0.9913845960225158,2.017380548400791
95.75187969924812,0.989955810603704,2.02029219746722
96.17794486215539,0.9884186535350096,2.0234340912599547
96.60401002506265,0.9867734648149472,2.0268076425981585
97.03007518796991,0.9850206083371825,2.0304143721177654
97.45614035087719,0.9831604718100443,2.0342559097376105
97.88220551378446,0.9811934666707686,2.038333996236324
98.30827067669172,0.9791200279944937,2.042650484942636
98.734335839599,0.9769406143980287,2.0472073435419205
99.16040100250626,0.9746557079384127,2.0520066560020367
99.58646616541353,0.9722658140062896,2.0570506246217373
100.01253132832079,0.969771461214124,2.0623415722051273
100.43859649122807,0.9671732012792782,2.0678819443659147
100.86466165413533,0.9644716089019798,2.0736743119654255
101.2907268170426,0.9616672816382066,2.0797213736886073
101.71679197994987,0.9587608397675133,2.086025958762535
102.14285714285714,0.9557529261558366,2.0925910298221755
102.5689223057644,0.9526442061132996,2.099419685928512
102.99498746867167,0.9494353672470554,2.1065151657443724
103.42105263157895,0.946127119309197,2.1138808508736915
103.84711779448621,0.9427201940397704,2.12152026937022
104.27318295739347,0.9392153450049225,2.1294370994220904
104.69924812030075,0.9356133474302232,2.1376351732189853
105.12531328320802,0.931914998029196,2.1461184810090823
105.55137844611528,0.9281211148270945,2.1548911753533293
105.97744360902256,0.9242325369799672,2.163957575585061
106.40350877192982,0.9202501245890483,2.173322172483411
106.82957393483709,0.9161747585105123,2.1829896331694796
107.25563909774435,0.9120073401606428,2.192964806234691
107.68170426065163,0.9077487913164498,2.2032527271113502
108.10776942355889,0.9034000539117866,2.213858623695956
108.53383458646616,0.8989620898290048,2.2247879222364406
108.95989974937343,0.8944358806862002,2.2360462534951355
109.3859649122807,0.8898224276200913,2.2476394591999402
109.81203007518796,0.8851227510645819,2.2595735987968886
110.23809523809523,0.8803378905250545,2.271854956518062
110.6641604010025,0.875468904348445,2.2844900487795976
111.09022556390977,0.8705168694891522,2.2974856319253933
111.51629072681703,0.8654828812708282,2.3108487103330204
111.94235588972431,0.8603680531441087,2.324586544899299
112.36842105263158,0.855173516440332,2.338706661924026
112.79448621553884,0.8499004201213042,2.3532168624114163
113.2205513784461,0.8445499305251636,2.3681252318099735
113.64661654135338,0.8391232311084029,2.383440150212726
114.07268170426065,0.8336215221841045,2.3991703030410747
114.49874686716791,0.8280460206564471,2.4153246922368727
114.92481203007519,0.8223979597515424,2.4319126479888484
115.35087719298245,0.8166785887446641,2.44894384102104
115.77694235588972,0.810889172683922,2.466428295472609
116.20300751879698,0.805030992110452,2.4843764024001644
116.62907268170426,0.7991053427751774,2.502798933935655
117.05513784461152,0.7931135353522069,2.5217070581349206
117.48120300751879,0.7870568951489291,2.541112354554183
117.90726817042606,0.7809367618128751,2.56102683059404
118.33333333333333,0.774754489035403,2.581462938653084
118.75939849624059,0.768511444252283,2.6024335941358476
119.18546365914786,0.7622090083412367,2.6239521943626927
119.61152882205513,0.7558485753165054,2.646032638432263
120.0375939849624,0.7494315520205153,2.6686893480903926
120.46365914786966,0.7429593578126998,2.6919372896628895
120.88972431077694,0.7364334242555575,2.7157919971133184
121.3157894736842,0.7298551947980113,2.7402695962909513
121.74185463659147,0.7232261244561338,2.765386830438406
122.16791979949873,0.7165476794913199,2.791161087033047
122.59398496240601,0.7098213370859674,2.8176104260413033
123.02005012531328,0.7030485850167469,2.8447536096703177
123.44611528822054,0.6962309213255222,2.8726101337072065
123.87218045112782,0.6893698539880055,2.901200260542287
124.29824561403508,0.6824669005802142,2.9305450539794036
124.72431077694235,0.6755235879428003,2.9606664159436415
125.15037593984962,0.668541451843338,2.991587125204419
125.57644110275689,0.6615220366366282,3.023330878240407
126.00250626566415,0.6544668949231118,3.0559223323816314
126.42857142857142,0.6473775872054524,3.0893871513739604
126.8546365914787,0.6402556815433749,3.1237520535216174
127.28070175438596,0.6331027532068335,3.159044862574786
127.70676691729322,0.6259203843275806,3.1952945615416857
128.1328320802005,0.618710163549221,3.2325313496177785
128.55889724310777,0.6114736856758275,3.2707867024392265
128.98496240601503,0.6042125513191886,3.3100934358833864
129.4110275689223,0.5969283665447764,3.350485773656021
129.83709273182956,0.5896227425165056,3.3919994189233855
130.26315789473682,0.5822972951403672,3.434671630267293
130.68922305764409,0.5749536447070098,3.4785413022630345
131.11528822055138,0.5675934155333539,3.52364905100361
131.54135338345864,0.5602182356033154,3.5700373049194685
131.9674185463659,0.5528297362077171,3.6177504012709822
132.39348370927317,0.5454295515834681,3.6668346887213654
132.81954887218046,0.5380193185520931,3.7173386364310494
133.24561403508773,0.5306006761576908,3.7693129501508853
133.671679197995,0.5231752653043964,3.822810695831253
134.09774436090225,0.5157447283934395,3.877887431307462
134.52380952380952,0.5083107089598632,3.934601346669488
134.94987468671678,0.5008748513089983,3.9930134139758704
135.37593984962405,0.4934388001527648,4.053187547028761
135.8020050125313,0.48600420024588287,4.1151907719895116
136.2280701754386,0.47857269602207675,4.179093409682819
136.65413533834587,0.4711459312303471,4.244969270512884
137.08020050125313,0.4637255485713949,4.312895862997898
137.5062656641604,0.45631318933427967,4.382954617020433
137.93233082706766,0.44891049303338704,4.455231122991934
138.35839598997492,0.4415190970457919,4.529815388240322
138.7844611528822,0.43414063624909077,4.606802112052207
139.21052631578948,0.42677674265978927,4.686290980936434
139.63659147869674,0.419429045072323,4.7683869858253045
140.062656641604,0.4120991686987894,4.8532007630955345
140.48872180451127,0.40478873480947153,4.940848961474614
140.91478696741854,0.39749936037423667,5.03145463710192
141.3408521303258,0.3902326577048833,5.12514767924041
141.76691729323306,0.38299023409851946,5.222065269386282
142.19298245614036,0.37577369148204925,5.322352376804272
142.61904761904762,0.3685846260578523,5.4261622938285115
143.04511278195488,0.3614246279507191,5.533657214617659
143.47117794486215,0.35429528085614054,5.645008861442013
143.8972431077694,0.34719816169001444,5.760399163016423
144.32330827067668,0.3401348402398549,5.880020989880507
144.74937343358394,0.3331068788175733,6.004078952375235
145.17543859649123,0.3261158319139174,6.132790267379372
145.6015037593985,0.3191632458546403,6.266385700660783
146.02756892230576,0.31225065845847083,6.405110592476137
146.45363408521303,0.30537959869697157,6.549225974930309
146.8796992481203,0.298551586356349,6.699009790598851
147.30576441102755,0.2917681317012977,6.854758223038328
147.73182957393482,0.28503073514095045,7.016787151080323
148.1578947368421,0.27834088689700687,7.185433740246902
148.58395989974937,0.2717000666741194,7.361058186263996
149.01002506265664,0.2651097433325977,7.544045627515349
149.4360902255639,0.25857137456352,7.734808245406474
149.86215538847117,0.25208640656630965,7.9337875740392745
150.28822055137843,0.2456562737288574,8.141457043378814
150.7142857142857,0.23928239831025125,8.358324783283138
151.140350877193,0.23296619012619327,8.584936719429711
151.56641604010025,0.22670904623716814,8.821879996388548
151.99248120300751,0.22051235063942973,9.069786767954307
152.41854636591478,0.21437747395888268,9.329338400468313
152.84461152882204,0.2083057731479156,9.60127014136964
153.2706766917293,0.20229859118526286,9.886376312766417
153.69674185463657,0.19635725677895569,10.185516098605158
154.12280701754386,0.1904830840724287,10.499620004259938
154.54887218045113,0.18467737235385195,10.82969707933623
154.9749373433584,0.17894140576874168,11.176843008513847
155.40100250626566,0.17327645303592737,11.542249191731305
155.82706766917292,0.1676837671669273,11.927212954424043
156.25313283208018,0.16216458518879906,12.333149051449878
156.67919799498745,0.15672012787052703,12.761602655482024
157.10526315789474,0.15135159945300236,13.214264052895187
157.531328320802,0.14606018738266355,13.692985308585108
157.95739348370927,0.1408470620488469,14.199799207074578
158.38345864661653,0.13571337652491441,14.736940832305043
158.8095238095238,0.13066026631320735,15.306872214738757
159.23558897243106,0.12568884909388958,15.912310554343605
159.66165413533832,0.1208002244777314,16.55626062490211
160.08771929824562,0.11599547376288981,17.242052082896496
160.51378446115288,0.11127565969574225,17.973382548066134
160.93984962406014,0.10664182623581775,18.75436749908415
161.3659147869674,0.10209499832488962,19.589598244916395
161.79197994987467,0.09763618166027124,20.484209500931478
162.21804511278194,0.09326636247236939,21.44395843241458
162.6441102756892,0.08898650730654394,22.475317444591095
163.0701754385965,0.08479756280931958,23.585583520806004
163.49624060150376,0.08070045551900208,24.78300756962978
163.92230576441102,0.07669609166073885,26.076948077705126
164.34837092731829,0.07278535694607476,27.4780544317693
164.77443609022555,0.06896911637704535,28.998486642430727
165.2005012531328,0.06524821405484865,30.65217997106816
165.62656641604008,0.06162347299314219,32.455165261824355
166.05263157894737,0.058095694936002744,34.425958794419564
166.47869674185463,0.054665660180593094,36.586039451326734
166.9047619047619,0.05133412740456808,38.96043628516077
167.33082706766916,0.04810183349826717,41.578456673009114
167.75689223057643,0.044969493401723584,44.47459485775182
168.1829573934837,0.04193779994652932,47.68967381574616
168.60902255639098,0.03900742370258965,51.27229153221987
169.03508771929825,0.03617901282980349,55.28066808811442
169.4611528822055,0.03345319293469702,59.78502571949232
169.88721804511277,0.030830566932049337,64.87068513556711
170.31328320802004,0.028311714911535276,70.64213546404154
170.7393483709273,0.025897194009417965,77.22844410373824
171.16541353383457,0.023587538285316876,84.79053540084723
171.59147869674186,0.02138325860408144,93.53111408465398
172.01754385964912,0.019284842522795016,103.70839158452891
172.4436090225564,0.01729275418293285,115.6553767458227
172.86967418546365,0.015407434207701258,129.8074665151138
173.29573934837092,0.01362929960457682,146.74268363198834
173.72180451127818,0.011958743673070388,167.2416480088751
174.14786967418544,0.010396135917734415,192.37917009032827
174.57393483709274,0.008941821966433332,223.66806312044588
175.0,0.007596123493895974,263.2921912877196
