序号,是否为空集,是否退化,直径,是否被覆盖,最小包围圆半径,包围圆半径与直径之比,超出量,交会角,源到测点1距离,测点1_x,测点1_y,测点2_x,测点2_y,源_x,源_y,示向度1,示向度2,交会角分组
1,False,False,69.77831998866628,True,34.88915999433314,0.5,8.526512829121202e-14,48.532930496959374,417.2458453935244,217.70894451323642,958.1848061619096,-803.7164849876954,1059.3578988739919,422.4679643014521,1321.7337565297053,61.471438573920196,11.62935784503142,"(45, 60]"
2,False,False,64.6138667607828,True,32.3069333803914,0.5,3.552713678800501e-14,59.41156271857558,115.56033633334634,-1454.5329209073873,-339.49466763756516,-164.41788890469127,348.7882685284118,-1451.724248953,-455.0208668104314,271.6022313033413,212.311325460623,"(45, 60]"
3,False,False,2612.1991536636574,True,1306.0995768318287,0.5,2.2737367544323206e-13,4.334593886138867,2213.39478921039,-1053.5911363689422,400.4429358536606,-1132.406397219424,686.2196360424033,739.5347186418569,-897.1764848531578,323.6355555246946,319.24225399802026,"(0, 30]"
4,False,False,535.2540515447239,True,267.62702577236195,0.5,1.7053025658242404e-13,21.741699132125746,2815.944272754612,-1392.4183219972037,715.8495470765371,-788.7403451459902,1575.418741366067,1404.936469273418,392.81964286518183,352.7770078137104,331.84941692364504,"(0, 30]"
5,False,False,141.08219735395144,True,70.54109867697572,0.5,1.4210854715202004e-14,153.24856288897664,607.0625967762484,709.4182635804118,-241.65345547145637,-769.6023627480513,885.3687772052464,366.5250406633404,259.2948792720235,124.20602266080883,331.5918716933253,"(150, 180]"
6,False,False,154.97997234927075,True,77.48998617463538,0.5,0.0,42.45639229574579,914.2287812500136,480.1353638190705,295.37578442929464,-836.37999980319,1356.212824931299,278.74101403155214,-596.3946907152618,257.4360503010335,299.8160720860554,"(30, 45]"
7,False,False,206.2355186542361,True,103.11775932711805,0.5,0.0,37.62685666441887,2612.7610900591762,-1477.6113298378948,-996.0933671517588,-406.2714317987241,629.3196399776069,-757.7726600065482,1515.5500795067537,74.78525254927163,111.55969312796779,"(30, 45]"
8,False,False,80.62540214769426,True,40.31270107384713,0.5,2.842170943040401e-14,84.69919931346843,1009.3073764107819,-24.658142117740503,-890.6897255090579,-1288.7417976785266,841.6944806664119,498.76504895041387,-27.712586107760437,59.52642759170393,334.44448240643885,"(75, 90]"
9,False,False,499.8240852833682,True,249.9120426416841,0.5,0.0,11.51430425439387,1466.5041606535426,1182.2113743670177,1048.9984916503956,1518.5588397863085,961.441672930736,326.49676453926395,-141.96202815766537,234.2312003478579,222.13880225358034,"(0, 30]"
10,False,False,1555.3840883060782,True,777.6920441530391,0.5,0.0,4.774962169866645,1871.8584277309333,796.7983989707664,490.41321825619013,1172.1298243000608,814.5316443349614,-986.2058227645731,-79.45511631003048,197.16093675522592,202.64683300174676,"(0, 30]"
11,False,False,95.2949309030077,True,47.64746545150385,0.5,7.105427357601002e-15,113.77582666851694,1733.8056367343472,-1479.0616256664812,842.4487495764597,-289.2988969613777,-1324.3966003320577,-57.69854959081142,-150.4303930892048,324.5931195133932,79.7282064921716,"(105, 120]"
13,False,False,226.79521816580262,True,113.39760908290131,0.5,1.1368683772161603e-13,35.44416292526356,2331.627135635633,401.11451733010125,973.1886478278703,1411.2151082095277,72.52004836636785,243.9331869926633,-1353.1344443125524,267.05536000975457,230.59075278380163,"(30, 45]"
14,False,False,173.34289845636806,True,86.67144922818403,0.5,9.947598300641403e-14,37.611422663753295,1735.7004497601863,-1357.9691374373294,767.4490900529074,-463.8487191948193,190.4969138134513,-1378.2118198493226,-968.1333151086798,269.0551810340731,231.29431771515706,"(30, 45]"
15,False,False,84.47878824015145,True,42.23939412007572,0.5,2.842170943040401e-14,106.24983525246105,728.4854758165476,97.11176728228536,1269.156382141263,-411.7016243761487,-999.7702139454441,599.5488840391854,741.6641716009794,312.86047771926377,58.99570197209871,"(105, 120]"
16,False,False,33.00784958468423,True,16.503924792342115,0.5,4.263256414560601e-14,107.05362271319044,697.5301252569699,874.9762681374148,-579.9820632073523,1508.2785047873851,68.61501001778326,1530.029153958853,-340.2864386790561,19.29991845099564,272.7265114224539,"(105, 120]"
17,False,False,89.5483940328,True,44.7741970164,0.5,4.973799150320701e-14,57.290854308511136,261.0318494593227,-1038.9487995286872,-1098.07303581181,724.423299922349,-844.3604876163206,-1117.1812034887535,-1347.1057995253093,251.61501283630528,196.0565632553451,"(45, 60]"
18,False,False,273.1811894141711,True,136.59059470708556,0.5,5.684341886080802e-14,34.70570039734407,2643.1679732139983,332.40135756609374,-1052.621729930251,-1224.099169589071,-923.874600072548,-1552.5281711550142,800.315831451518,134.55292192921394,100.709547517323,"(30, 45]"
19,False,False,82.2821660096151,True,41.14108300480755,0.5,1.1368683772161603e-13,51.45403083066006,812.4157030048159,958.2627298024289,-456.35673673182896,113.75957749914997,-148.82564815031301,596.3644749045028,-1183.7142331465184,244.49974871057486,294.7627076913197,"(45, 60]"
20,False,False,70.78563990432805,True,35.392819952164025,0.5,2.1316282072803006e-14,86.53038840992181,1850.1279575478895,-576.5364446211688,1059.857803086106,1166.0200114674938,182.49881173651113,637.0777436872611,-336.6070411676963,311.2956821362867,224.37603181952736,"(75, 90]"
21,False,False,166.90998039669603,True,83.45499019834801,0.5,7.105427357601002e-14,28.913827063887872,95.78363530548945,1003.7209200891825,-581.565367322207,148.76936420250155,1230.9070808577433,995.3985744514899,-676.9867661561257,264.1603218292475,292.97129886242243,"(0, 30]"
22,False,False,123.40636483721323,True,61.703182418606616,0.5,1.2079226507921703e-13,127.0109320673411,1140.3658379005108,1483.3397428188289,132.88135949429596,-928.97599402765,1508.8546957311223,975.37361163972,1153.8635600372156,116.86453044486126,348.62058893231494,"(120, 150]"
23,False,False,162.60409444077766,True,81.30204722038883,0.5,9.947598300641403e-14,56.92891648058791,1684.2665910957528,-539.6214901351909,-935.1635543489858,-125.95662295838314,1141.8243044713981,1142.9890372719144,-1009.8345858142781,356.76475275035034,301.46007194556734,"(45, 60]"
24,False,False,566.8857168218133,True,283.44285841090664,0.5,0.0,10.466956955892984,1285.6165426164164,703.9083949353866,-498.97026710471556,1160.9369674475272,-126.16033220579313,-575.9810866273796,-620.1841674378928,185.73426865304256,196.52998144892052,"(0, 30]"
25,False,False,324.4720461686453,True,162.23602308432265,0.5,0.0,23.478192261568573,1823.7945497821327,-92.46030910148191,-717.0607897963401,-1055.7294485847353,-868.4711123699063,205.9258502002895,1082.159113315047,80.78000940881866,56.14236983531041,"(0, 30]"
26,False,False,482.3839291979182,True,241.1919645989591,0.5,0.0,14.797180797069775,1785.245713157835,-436.3753049850104,-974.9954220282535,-290.49758877382396,-396.838451210048,915.8718401290894,190.564492724821,40.08934122346517,26.040886585757782,"(0, 30]"
27,False,False,73.0091487744918,True,36.5045743872459,0.5,7.105427357601002e-15,101.45578610245288,1901.5429696986612,1682.7773893727065,517.7340826867702,-365.82059911886205,453.7455238408494,-181.5849503913737,891.9248517869818,168.11450639498375,66.56124581981076,"(90, 105]"
28,False,False,1428.5625122030183,True,714.2812561015091,0.5,1.1368683772161603e-13,4.930170860698985,3041.7901416381383,-1601.8539656048567,413.10799667427546,-609.2563350295578,-39.86435149651811,1327.926272941023,-404.73980065296075,343.8734438526371,350.1191555304805,"(0, 30]"
29,False,False,563.7482143055953,True,281.87410715279765,0.5,1.7053025658242404e-13,16.201950346799673,2844.232662522258,-1311.5070441643327,972.400935055424,24.967096590973416,-61.7980218104474,1246.4830075891018,-271.12081131209214,335.02545881225814,350.7694014054543,"(0, 30]"
30,False,False,396.72701833088774,True,198.36350916544387,0.5,1.1368683772161603e-13,21.075601969228778,3295.4336823553663,1566.5818065870762,315.2680329494469,-686.3329680794351,-902.5541282544159,-1490.908402669228,-914.2183537600973,201.7977141183617,180.60809419649863,"(0, 30]"
31,False,False,74.59844938848165,True,37.29922469424083,0.5,2.842170943040401e-14,117.38251106586775,1467.8602369589178,338.72713311136175,638.121527934031,1127.2405829873308,-1089.8811307076767,1354.9636604920877,-421.0654223548466,313.11183877445376,70.41371779445376,"(105, 120]"
32,False,False,87.73519914909622,True,43.86759957454811,0.5,7.105427357601002e-15,101.38192027453604,2009.4112089060743,1456.9926858811214,-183.41752067909243,-536.0999808069676,1245.8147845320361,-519.012279819757,181.46298305170552,168.6196034556152,271.30500958521264,"(90, 105]"
33,False,False,658.6887394140799,True,329.34436970703996,0.5,1.1368683772161603e-13,16.281224561376902,1184.1190636462952,762.3665815389663,761.2298022391865,1121.9451109066326,-1346.2954348907272,84.94183971878718,1732.4319830751042,124.68369625681689,109.56465066726868,"(0, 30]"
34,False,False,1433.6705175797185,True,716.8352587898593,0.5,0.0,9.723252924072137,2776.82376668741,1530.50935854628,-238.038319794976,878.1384330601279,-281.5530149375169,-816.8548078241457,1245.4143089330648,146.87697993687306,138.33405703766527,"(0, 30]"
35,False,False,81.64341690329476,True,40.82170845164738,0.5,0.0,94.24838200722797,1424.1463838423404,-562.2928339612729,-1543.2625289889513,501.85443805296046,528.5502911985008,-1072.4802755206376,-213.63788380282793,110.58924370195818,205.95806792127175,"(90, 105]"
36,False,False,109.56525068757186,True,54.78262534378593,0.5,5.684341886080802e-14,83.4864956220913,2181.6190598655157,1067.9503900663567,-1345.980294772636,807.812819711507,1435.0186127335405,-626.5197819323425,28.149451130274183,140.5813525152941,224.25944660616136,"(75, 90]"
37,False,False,154.26915077382938,True,77.13457538691469,0.5,0.0,138.76857953114524,2110.094205581243,-168.95846385216325,1520.854429882564,164.017763970426,-1374.7233884063053,528.1472828235459,-470.76328804907735,289.40660012073954,68.15489335833382,"(120, 150]"
38,False,False,105.26416163874487,True,52.63208081937243,0.5,0.0,81.66287972895333,435.93856823452575,1027.3908620912473,-950.5396064795771,-89.2048779343973,1667.082453903516,1427.2267958945474,-776.8339320932425,22.819239422126458,301.7185218078615,"(75, 90]"
39,False,False,141.15692904883178,True,70.57846452441589,0.5,0.0,67.57420512855055,2366.935642429511,31.465837770443045,1383.2728705728407,-1703.4667550636502,-537.196979327937,548.5251772425419,-926.4963765312673,282.22485969653906,351.1475349346753,"(60, 75]"
40,False,False,510.3358831922842,True,255.1679415961421,0.5,5.684341886080802e-14,17.05242207238205,3290.6116227099183,-1164.2554925945867,-980.1287485152928,1349.1384724202655,454.21195258574744,1622.1221738898419,770.3638539341983,32.97206375681511,49.1955548919959,"(0, 30]"
42,False,False,92.44718795117426,True,46.22359397558713,0.5,6.394884621840902e-14,87.41261475293295,2354.0081809059566,-420.0507574504172,1723.5231879468652,1289.8816983553882,-168.75669869495803,258.0711650428622,-530.6962277281464,287.33081132125596,200.08784056175918,"(75, 90]"
43,False,False,166.1759002699988,True,83.0879501349994,0.5,0.0,29.715448762254113,1128.086486022759,-140.49419902710738,-260.5274926087277,-318.76771828510215,-1012.2010100519861,-1143.3430956038492,256.0702334625238,153.6502909620031,122.60149576226617,"(0, 30]"
44,False,False,239.2483968441676,True,119.6241984220838,0.5,1.4210854715202004e-14,31.065911086722362,2656.2025459112497,1316.1616960860083,981.9315529655829,-312.50001696262797,572.7529106331654,-784.1986372847713,-644.0753458229775,217.12047414992983,249.60399615357596,"(30, 45]"
45,False,False,145.08345870445197,True,72.54172935222599,0.5,0.0,66.8855634598502,1784.5026559566172,-1217.2184850848187,1297.8610892682964,1125.8127933392502,172.06516249234951,-1515.6210906274132,-461.51539520613574,260.9035597916293,194.2096784088811,"(60, 75]"
46,False,False,260.431584307848,True,130.215792153924,0.5,0.0,22.941098884113412,2219.1160327774696,-1125.3287497520812,742.6818294828372,-645.1116580391987,-643.528604781515,60.31547189635658,-1133.1443209377412,301.6731252938115,324.9819794582565,"(0, 30]"
47,False,False,565.8071617227348,True,282.9035808613674,0.5,0.0,13.112707058755468,2026.8089292888978,1598.0976940274004,14.875769853810965,1529.4901137831794,469.7403303381439,-416.8774401823804,233.57566551333096,173.68535155747992,187.44696602781266,"(0, 30]"
48,False,False,60.70459292364132,True,30.35229646182066,0.5,3.552713678800501e-15,95.0306716286944,1643.8334244671387,-1298.6384799220941,-875.1327249791025,188.8172088031617,-1766.245807028259,275.4063424279337,-1349.0221895469797,343.6941992095824,78.23293216699338,"(90, 105]"
49,False,False,254.30843734633288,True,127.15421867316644,0.5,0.0,36.31197830325998,2347.907662804142,308.16886011999406,1518.4157872021672,-426.1000105399149,304.4790725514051,1620.808168921119,-428.2861514737342,304.1485124346731,340.4469452719399,"(30, 45]"
50,False,False,291.116827814195,True,145.5584139070975,0.5,5.684341886080802e-14,20.297473529853228,2050.114726780665,-117.6228597203654,-1427.3065902328133,-1021.4642171518352,-1293.3370758821386,-1705.4060814792797,-130.419997787721,141.69895527282202,119.77914671720877,"(0, 30]"
51,False,False,286.9025524397638,True,143.4512762198819,0.5,5.684341886080802e-14,34.23160999566134,1942.4999588178325,1051.2232377253033,721.7906611903145,1440.1463319842067,-907.2568869386563,-890.5054197739045,776.5255737563012,178.0186036199559,143.83659920069607,"(30, 45]"
52,False,False,365.48966355672343,True,182.74483177836171,0.5,0.0,31.767177663589674,3061.6925165688513,1591.4791153730246,-778.4860039302254,408.88735589942735,360.4670492094388,-1465.0036455119182,-957.0194697758827,184.01297135515378,214.7858334865207,"(30, 45]"
53,False,False,1068.0905665880678,True,534.0452832940339,0.5,0.0,12.253144321728751,3151.573961367671,-1503.6868589339929,259.5090728023583,-549.4828582099309,437.40239259878615,1443.5666218899828,-856.7862974924727,339.0675530453594,327.65086029697426,"(0, 30]"
54,False,False,110.33923803603277,True,55.169619018016384,0.5,1.4210854715202004e-14,142.52809492483857,559.082137147461,1128.2641959683715,1066.698904999486,1231.4926076200654,-835.4781475795329,900.1486802644073,556.2714884430409,246.8551823373798,103.90649573959675,"(120, 150]"
55,False,False,91.614672218585,True,45.8073361092925,0.5,5.684341886080802e-14,103.09930000270333,2152.140945032265,-901.3577715394914,-552.0544519313931,1447.534950951251,446.02294666071026,628.2645966070056,961.8696076403784,43.991803889575436,147.53112220914204,"(90, 105]"
56,False,False,245.86790127866186,True,122.93395063933093,0.5,1.4210854715202004e-14,30.241293068151407,2007.010317600868,953.6727676347638,-1024.9317947695815,1639.8783925691391,-282.02920145974144,305.15763440870586,874.4150763766883,108.23035995765424,138.92542481314047,"(30, 45]"
57,False,False,52.91452474482018,True,26.45726237241009,0.5,3.552713678800501e-15,81.980882717026,962.6656237036526,-793.2952490707846,-465.5756366846817,473.6888392935499,-727.2882513286817,-43.96502741692672,138.76642041288846,39.157696903838,120.74690763182885,"(75, 90]"
58,False,False,67.44155922246051,True,33.720779611230256,0.5,2.1316282072803006e-14,83.28440441137234,586.8110153625918,564.5843857086738,-779.5753220824267,-982.25818961571,126.15069272985153,746.823287450876,-221.7795257172409,71.04532512464498,347.76985142061346,"(75, 90]"
59,False,False,88.36149686572757,True,44.18074843286379,0.5,0.0,86.44568782715407,2389.1168729251576,-636.1015722798016,-1610.6589979516134,731.0381702074517,432.57621338811896,1231.7146329274287,-120.98049033295754,39.13498664146174,311.98230296785977,"(75, 90]"
60,False,False,76.01847744741819,True,38.009238723709096,0.5,5.684341886080802e-14,133.67967476518552,1434.006092979069,-1184.6543206063766,91.06117396887349,-429.48996021137503,1469.0943761598678,-608.2302766279319,1404.1144083141646,67.11253482576097,200.94148379521147,"(120, 150]"
61,False,False,2827.335739818777,True,1413.6678699093884,0.5,0.0,7.468510093953352,2953.1627960972846,977.6174381523495,-821.346167703133,1090.1604797396117,-1359.754604388026,-1665.9766413273805,494.92919983697686,152.95530892479363,146.85500999679897,"(0, 30]"
62,False,False,150.1061478464277,True,75.05307392321384,0.5,0.0,146.64213874310082,961.9526837083454,-1248.0472454082137,568.0097101767037,1092.5566039999876,3.4728643589152264,-452.6948699679271,26.929711862977882,325.9688855714677,180.01034004023347,"(120, 150]"
63,False,False,160.16196135852002,True,80.08098067926001,0.5,1.2789769243681803e-13,47.061070693975466,2561.3797393132922,92.12697991559789,-1270.9369661013582,-469.28181934926266,616.9888046794248,-1611.1126639942936,642.0818221959067,130.8925725972508,178.42541535734873,"(45, 60]"
64,False,False,711.8401264182362,True,355.9200632091181,0.5,5.684341886080802e-14,14.503083541494927,2464.1150180590903,-655.8559644194346,-642.0413920511774,-1108.463616156885,-66.72285751513833,1657.3729152842707,206.97861497403466,19.455051469161894,4.730898167309717,"(0, 30]"
65,False,False,131.86064679522698,True,65.93032339761349,0.5,4.263256414560601e-14,153.01958574952963,1223.7864886939901,436.941744441541,-455.4866716813097,-547.8803741362009,1035.249608927131,-71.9956367512926,657.4536285749737,113.81804353243227,322.039164874182,"(150, 180]"
66,False,False,117.13497620784356,True,58.56748810392178,0.5,7.105427357601002e-15,69.0084380334922,1037.692010334935,1423.8581324842196,-1012.9186030289267,-916.5251970063721,-900.7110715522616,1411.4077779572137,24.698714186389715,89.87767744294186,22.248241844641775,"(60, 75]"
67,False,False,136.80596106435334,True,68.40298053217667,0.5,0.0,31.03833618216134,952.145348948888,-472.4519351407076,-26.516890856361776,-67.18021606328449,-536.3963190661692,-1309.7371332334976,-479.8757581786155,209.30056785373074,177.38842347592262,"(30, 45]"
68,False,False,332.42659750516754,True,166.21329875258377,0.5,5.684341886080802e-14,163.1780854550218,851.1424895905742,1184.9892054609998,-839.6688482646264,-823.7595316386742,763.4832257118175,636.9183571832746,-188.46850823509638,130.57917057779727,326.23240126031175,"(150, 180]"
69,False,False,69.88080493869356,True,34.94040246934678,0.5,4.973799150320701e-14,111.55597299233044,847.6941757534137,1409.0229751665743,-655.4286003469614,-418.4090448755816,-341.10022416840695,899.3570242255219,21.93838590023702,127.04166579743517,14.868678220924057,"(105, 120]"
70,False,False,687.5588847052373,True,343.7794423526187,0.5,0.0,8.241645540521212,1987.58935317924,-1020.2303314358983,323.50122401185257,-593.3015967766356,682.7321836266328,874.1836184326999,924.9222274817406,18.2231482313963,8.882854692788209,"(0, 30]"
71,False,False,382.04833883347516,True,191.02416941673758,0.5,0.0,21.402462862748223,2812.74548999155,282.22760767686003,1084.3716801719852,899.8659838284271,-306.2995901282103,426.0777569384201,-1724.6929908573654,273.28994231569686,251.12995068177682,"(0, 30]"
73,False,False,685.8643622533228,True,342.9321811266614,0.5,5.684341886080802e-14,4.267033568015804,876.1292275888248,-372.1716370746616,780.0257594985899,327.8393463560965,694.8926457301075,-1212.1985461048766,1028.937823369616,162.90320850135444,168.71608980907538,"(0, 30]"
74,False,False,2047.9390696795333,True,1023.9695348397667,0.5,1.1368683772161603e-13,5.643911387566019,1521.6635971683493,-699.8023579448377,-56.70624684958384,-1082.089972970305,-956.5261728889103,225.82944149174824,1151.0461594072237,52.93675143462243,58.01932978553738,"(0, 30]"
75,False,False,269.08648341576907,True,134.54324170788453,0.5,0.0,21.142437826082404,1106.1424801905214,-719.0478429066197,-169.0612437587943,236.55399235390647,353.4432683859665,-1792.5077075202028,97.83781121485269,165.82862440163296,188.15067998130053,"(0, 30]"
76,False,False,2228.0010864095934,True,1114.0005432047967,0.5,0.0,178.26448133451427,1711.2554899119411,-236.58201972009886,1635.2489704564937,-355.5717197449956,-1555.9407449440034,-276.29534044364,-75.54564138645539,269.40833757935263,87.61010793573097,"(150, 180]"
77,False,False,112.53765870528316,True,56.26882935264158,0.5,0.0,62.14917388371372,1785.618240792835,266.7001471519562,-495.520717713544,-1194.6668486218625,403.30309453571965,-1418.5842639736231,-1085.6469376607752,198.88294711752744,260.68083541329634,"(60, 75]"
78,False,False,520.8926322524434,True,260.4463161262217,0.5,0.0,17.05828814730965,2803.2516401081093,-379.7461494255571,-1341.2405936464795,-753.9735987171089,-322.7085824928588,205.00327227465738,1400.3443259921717,78.77348518306512,61.01872041874135,"(0, 30]"
79,False,False,77.88887590023651,True,38.94443795011826,0.5,1.4210854715202004e-14,112.11811423299692,1385.5178403231791,644.5239973950976,-888.4959306413829,-451.0980744082974,865.3125763612564,-573.1823585459705,-227.54894596369218,151.39279559699762,263.48775463910357,"(105, 120]"
80,False,False,59.995400041748375,True,29.997700020874188,0.5,0.0,93.27143535458514,1247.7642421407686,-273.3543721246895,272.25486999302433,361.4310588795613,-1321.5946634727939,-668.2586383997268,-911.3693205518043,251.63297334692834,157.98497696051226,"(90, 105]"
81,False,False,422.9114299546061,True,211.45571497730305,0.5,0.0,15.9149196013386,2097.2272871838236,-1770.2372939103302,162.41731413816615,-402.08257844876346,312.98264350778936,324.9917210899775,70.8877079483631,356.50559071610303,341.41753547076036,"(0, 30]"
82,False,False,208.26597681549327,True,104.13298840774664,0.5,1.4210854715202004e-14,18.689924298942486,880.753388212253,1199.7639816822643,-823.4769308417495,1675.2239736670274,-632.3723335664562,438.65404450495106,-380.26344461044135,149.49924866187814,169.22647004059365,"(0, 30]"
83,False,False,255.20540413075466,True,127.60270206537733,0.5,1.4210854715202004e-14,33.26327166770446,1451.8804233824603,-563.6307045784692,-264.22461661825895,994.0049521437076,-927.6357833907933,-705.5434169902452,1180.7035981582276,95.08054484826643,128.50323540377642,"(30, 45]"
84,False,False,408.835921265122,True,204.417960632561,0.5,5.684341886080802e-14,18.002177398504415,1964.66189293442,1159.6713683399787,75.3718288506968,468.0551888199484,143.47794812458326,-403.89572959796817,-1114.2307450346177,217.86157005773123,235.60956841820467,"(0, 30]"
85,False,False,99.08759971910818,True,49.54379985955409,0.5,4.263256414560601e-14,63.45695875468418,150.59168750239346,942.0638846931056,569.7377323569772,375.00119539629156,-1740.981835651899,821.9311044252399,660.545063833743,142.19606960168122,79.50690099513383,"(60, 75]"
86,False,False,93.33125899892738,True,46.66562949946369,0.5,2.1316282072803006e-14,102.97700326578448,2175.192445806142,1081.3672201385596,64.46399387263062,-1131.9583752243052,-1307.232829855933,-187.30861007889777,-1702.4326681068276,234.98675732522258,338.16010297189695,"(90, 105]"
87,False,False,3800.862066596088,True,1900.431033298044,0.5,0.0,5.3671629329685695,2856.4068960107184,-1105.526477467151,-491.08100905178236,-1747.3362627640029,-428.61234333883044,1498.1097065674287,683.712154344838,24.32229921508974,19.633529831719493,"(0, 30]"
88,False,False,1072.6719279472584,True,536.3359639736292,0.5,1.1368683772161603e-13,3.939010267438978,1674.459057455859,772.6364801861455,329.1781246903657,132.10116117552425,-1022.6142766917071,68.09623696708495,-1189.8466219088432,244.90753843732796,248.66627448300744,"(0, 30]"
89,False,False,76.60813029850392,True,38.30406514925196,0.5,8.526512829121202e-14,107.82258856394287,466.47251362008456,883.8281519335716,1421.3471218228701,-221.16869216341047,-373.0121864380662,1105.5967003467956,1010.9627691755848,299.2896093303715,45.549404682669774,"(105, 120]"
90,False,False,548.7999490445688,True,274.3999745222844,0.5,0.0,7.987721794315273,1685.5465772034643,-1691.8819365768093,180.30726449708365,-682.093350924348,22.71717395528144,-57.34185003809983,-231.20940517784294,345.84231544241516,337.1474449327991,"(0, 30]"
91,False,False,129.04495493383882,True,64.52247746691941,0.5,5.684341886080802e-14,125.55079748096645,783.4418976760686,1346.5027303443765,518.1164694485843,-1418.048988542752,-586.3946447185413,611.7588654229654,790.0220780605194,160.18601421705014,33.80791795570785,"(120, 150]"
92,False,False,210.25128822793337,True,105.12564411396669,0.5,9.947598300641403e-14,40.90110237577724,2808.019665116428,878.9594582225947,717.8772176112188,-950.8799947970263,-13.685976948145017,-933.7649089852904,-1426.6518235097794,228.90693545430557,269.78764734937255,"(30, 45]"
93,False,False,202.69533855007015,True,101.34766927503507,0.5,4.263256414560601e-14,28.137130512650323,592.2311089013641,-393.2368689328893,-23.484455315389134,1195.3702411187735,887.7514822932505,-627.0375617566729,-567.6121263500997,246.9092337939358,218.11468074661963,"(0, 30]"
94,False,False,3238.194145159598,True,1619.097072579799,0.5,0.0,5.736127924482758,1953.325342391047,-322.60264087635045,1215.4132460775306,-321.11919065936956,864.2375013142317,602.8572700729833,-504.7622817255923,299.0393188853527,303.1316269577904,"(0, 30]"
95,False,False,54.716083922698466,True,27.358041961349233,0.5,0.0,104.05629427348438,432.6936263101711,-7.508932796456263,6.142046069283606,709.9353927402499,-1334.4060321789368,424.94016059590825,-8.402914348951319,357.9339562033579,102.05262230546336,"(90, 105]"
96,False,False,234.35060259610842,True,117.17530129805421,0.5,1.4210854715202004e-14,24.125536738503225,1206.5887943251482,594.469732638505,-776.2317221739061,1069.8791764391503,-1366.9167021965918,-578.643071471852,-1058.4778336145241,194.1275062131877,169.517279926574,"(0, 30]"
97,False,False,96.23915814467807,True,48.119579072339036,0.5,8.526512829121202e-14,138.59700888607202,163.51283322075648,1287.2848044918758,1080.1843802994606,-433.9497236604846,1693.8667204640692,1199.7506389183523,1218.2938169257313,121.6188679308357,343.122080813369,"(120, 150]"
98,False,False,450.82686367175296,True,225.41343183587648,0.5,8.526512829121202e-14,23.22608170250723,1946.407652303842,89.40664315961207,-630.0850167452206,1046.6962249874564,-119.94073898777515,-1396.928921089476,626.6207321854109,140.58903457530897,162.2710968978102,"(0, 30]"
99,False,False,354.7515890612758,True,177.3757945306379,0.5,0.0,11.540308120468758,1991.6029404655703,835.9435001749938,1489.4856257119457,1286.9250250776151,-147.6703126368583,1296.5312388087473,-448.1266181313243,283.8717622884637,271.54657546348926,"(0, 30]"
100,False,False,135.2457002142345,True,67.62285010711724,0.5,9.947598300641403e-14,71.07435927297473,2866.843540878807,711.766123845049,953.200577013213,-1588.6797564827045,-644.4017454343875,-353.7786292575373,-1708.266361916159,247.6663742885323,319.5011291567384,"(60, 75]"
101,False,False,860.910280571327,True,430.4551402856635,0.5,0.0,4.03083783737171,1460.2581839973516,-67.68635698059838,276.73596976429485,369.69770316579354,662.8256211428525,1123.5987614692017,1121.243951071333,35.57744632094085,30.397466245230707,"(0, 30]"
102,False,False,181.58907728038633,True,90.79453864019317,0.5,5.684341886080802e-14,51.026635662778084,2146.202789288207,993.4428252180085,-1384.3360542309429,1161.7807866570643,444.49210972501214,-834.7995442501276,-260.1847071116973,148.74548758254912,198.46803827798107,"(45, 60]"
103,False,False,401.86614439891474,True,200.93307219945737,0.5,0.0,166.57447864212915,498.48371859964607,-595.7389229869059,835.0844773783161,1118.9746427744578,-992.196331256564,-328.62705954357136,414.20769004411244,303.32809111724777,135.89710942256482,"(150, 180]"
104,False,False,1459.0603266230553,True,729.5301633115276,0.5,0.0,5.439320911049457,1414.7458215684385,947.3853775023346,916.6033094711454,1025.852935349489,807.5833785312145,-168.50294073990023,46.948779869952176,218.0237437321856,213.01276112791038,"(0, 30]"
105,False,False,1261.8916171990434,True,630.9458085995217,0.5,2.2737367544323206e-13,10.345924777072273,2710.6130377461677,-884.5472840476771,-466.81742782477914,-1154.6194292277119,-1357.356744257935,1432.9813264807108,939.057452732473,31.67355482342528,41.89257935950181,"(0, 30]"
106,False,False,229.9343366998674,True,114.9671683499337,0.5,0.0,28.354828250221715,2072.135769927606,482.25991616416576,-305.9883311420922,-710.3502588752539,-665.4690836039566,-1574.150365080699,-51.187616457284946,172.75973572055864,144.70804274853404,"(0, 30]"
107,False,False,49.35630558042645,True,24.678152790213225,0.5,1.7763568394002505e-14,121.0273199758323,502.06933674070643,480.9445927846912,-1516.907972073895,-543.4932232151892,-884.2274003019936,307.05453455023854,-1045.9134216357063,110.00823905439755,348.3704872575254,"(120, 150]"
108,False,False,158.27651073680136,True,79.13825536840068,0.5,4.263256414560601e-14,140.87427966397888,2002.4171641592534,1562.5310613871716,-463.9548522074513,-1320.0225767338723,-571.7974123535325,-369.01643470921664,-991.968838426907,195.1445474414641,335.64745206010446,"(120, 150]"
109,False,False,91.70989208678525,True,45.85494604339262,0.5,8.526512829121202e-14,138.72562386957907,527.394799540189,348.1025401132871,1484.7466826996167,-1241.1526492951666,755.203884998845,41.51446618157627,1055.6207949873046,235.06307274702164,13.345769608580895,"(120, 150]"
110,False,False,511.8562297786503,True,255.92811488932514,0.5,1.1368683772161603e-13,24.783463204869257,2429.799405842398,1123.488950807743,-868.400849906928,1627.3041470194019,290.9131144526525,-1253.5861590805355,-364.97352190247835,168.983076966889,191.96613020508659,"(0, 30]"
111,False,False,126.89808491992262,True,63.44904245996131,0.5,8.526512829121202e-14,47.759488598925486,1651.5195520149907,530.6563518061029,178.379816217247,-461.25827802562003,918.8372940505268,-1068.473579099606,-234.29474656715604,193.8890187861118,241.7633223534009,"(45, 60]"
113,False,False,322.6275706442825,True,161.31378532214126,0.5,2.842170943040401e-14,13.870170967881663,760.6253808740321,-180.88238086550783,-653.4440886764623,879.0774998134492,-622.4509047334093,-867.7182770600724,-980.2581363065723,206.30187273165416,191.2347643396096,"(0, 30]"
114,False,False,1310.950637547106,True,655.475318773553,0.5,0.0,5.237001173041229,748.0621491305886,-1090.1813511871255,-140.14199863123685,908.5051878522105,-1381.5667173940494,-1768.4574804779804,175.35518264950045,155.33667556942686,149.46389146170264,"(0, 30]"
115,False,False,90.09056229670274,True,45.04528114835137,0.5,5.684341886080802e-14,134.67306053858562,1146.8175355931576,271.42684655828555,-340.46072607967363,-1519.5518311325006,54.86588894409519,-707.7202532407312,256.58317255688195,149.4775726599833,14.752722009732613,"(120, 150]"
116,False,False,277.068928584415,True,138.5344642922075,0.5,2.842170943040401e-14,27.5097038072398,2177.701386032795,-1272.5244664863194,-584.1134906250261,-671.7618500505017,-1394.9282058596684,843.8913892691075,-71.11519410136174,12.723764973250102,41.8045991712849,"(0, 30]"
117,False,False,448.3001858288216,True,224.1500929144108,0.5,5.684341886080802e-14,9.840047433269062,1857.5274135231687,-425.1299552512872,-163.5872767198193,662.0674856564119,-968.4303314027201,1136.604220154879,-1169.2683680000005,327.0502881797862,337.5587576435991,"(0, 30]"
118,False,False,167.83056852401702,True,83.91528426200851,0.5,0.0,48.69462093888739,3184.8882058501476,1524.0512279042744,-487.73886809632694,-1295.7712407088645,-17.627058729345443,-1659.9594536376649,-412.98016565838424,178.685448897202,226.87014190975674,"(45, 60]"
119,False,False,10.042293299634057,True,5.0211466498170285,0.5,5.773159728050814e-14,101.9091702413059,148.1299778823437,-1061.6221178251858,-749.9165109416072,-965.9422043262357,-483.58324050688026,-1130.0713026986832,-618.5498506446452,118.15145131411546,218.57714016436208,"(90, 105]"
120,False,False,100.0659794718739,True,50.03298973593695,0.5,5.684341886080802e-14,110.30537929096369,971.5751286650574,1261.46818677153,-522.812393450911,-1380.1813894645686,-98.6984985153867,524.4619737955078,-1155.884326705944,220.18119513709905,331.2558229903903,"(105, 120]"
121,False,False,222.3349119577142,True,111.1674559788571,0.5,0.0,28.202779376816025,2432.863787915491,51.23948201307833,1413.1565849619901,-363.24991357250855,-480.61930280049904,-801.5230715392214,-865.3565788818067,248.86918627967145,220.39593593526942,"(0, 30]"
122,False,False,137.16444945191253,True,68.58222472595627,0.5,5.684341886080802e-14,62.24351343458172,2091.7963433662107,-182.358869781083,1712.322240984318,-870.117094839621,-263.3303087677486,1056.7943857774562,27.059308573199463,305.9737996995592,8.060306037742377,"(60, 75]"
123,False,False,62.33335502147529,True,31.166677510737646,0.5,4.618527782440651e-14,100.49617278813093,1189.2013035837263,218.58969764271512,1205.5163755018525,-1020.4493126538027,-38.827250570390945,-960.7907547503262,1052.999199556258,188.12075038794512,87.59385840810572,"(90, 105]"
124,False,False,247.70562978682264,True,123.85281489341132,0.5,8.526512829121202e-14,38.865704141528234,3235.2383064320234,885.0656783859029,-1481.2159803239886,-1224.5787257103143,-557.4438785233598,-1337.6303015443561,869.6114229974489,133.56004120352023,94.77246543131255,"(30, 45]"
125,False,False,90.00759922395827,True,45.00379961197913,0.5,7.105427357601002e-14,134.58576651607945,1290.6790402139281,-263.0719575590925,1648.0708534317196,643.1557944833933,31.9910922729402,648.8187900849715,734.6664253667485,315.28317101587936,89.35951558610985,"(120, 150]"
126,False,False,699.7006718522888,True,349.8503359261444,0.5,0.0,9.149437624596485,805.7335988071342,-268.5652560961451,420.8201692923222,82.71272685432952,1305.410739453479,-770.6293787534547,-209.36888883788822,232.08748146343814,240.41895673594095,"(0, 30]"
127,False,False,198.05828452915358,True,99.02914226457679,0.5,1.1368683772161603e-13,44.49850643049102,3091.74213440019,1320.935155729863,-783.9482858064723,-491.18540083197115,762.6621871583476,-1592.9041081056878,249.69099854553886,160.259041792598,205.26195475015095,"(30, 45]"
128,False,False,248.91507965167344,True,124.45753982583672,0.5,1.4210854715202004e-14,28.419472945084614,1266.2637568259743,-926.32009696561,-352.59444576928064,164.37520291880858,-416.9066848188068,-1456.071345688554,797.5305545361261,115.4055118823042,142.98113852164724,"(0, 30]"
129,False,False,342.6363934881657,True,171.31819674408285,0.5,2.842170943040401e-14,21.187361753617544,1017.3252107020497,364.0940805636379,-698.3262766679355,-485.4105974521728,573.4425117256206,1312.8259875808933,-1065.5569302596145,338.4223194484834,317.66742697755046,"(0, 30]"
130,False,False,91.78248701901887,True,45.89124350950944,0.5,0.0,62.769961001438844,1280.3977165227434,1283.6185772831755,-589.8228069996208,1049.1892675087831,827.9705996119203,51.46035549759486,-241.6785424154521,164.18288796705653,227.06972264359547,"(60, 75]"
131,False,False,80.00879465178676,True,40.00439732589338,0.5,0.0,113.98337410948315,1208.9989288072093,1576.1632662560107,-247.18864221845647,-511.02423085554153,-229.04232099872203,568.7642874106439,-915.6388701923061,212.63867576375387,327.07013006754147,"(105, 120]"
132,False,False,455.3977740669921,True,227.69888703349605,0.5,0.0,26.61668015761769,3154.189406902962,-241.48804347458537,-1388.2953544654563,905.1569879015713,-498.8319838472129,-133.35357097653338,1764.0399307598368,88.51570926306309,114.39765058187278,"(0, 30]"
133,False,False,82.91322857904079,True,41.456614289520395,0.5,5.684341886080802e-14,100.03947200309489,2145.6817786893594,-51.810351121160686,1394.3005206106616,1491.3333065545398,-369.3638023541652,875.0164311100291,-540.884848065557,294.7287241750735,195.2683582311157,"(90, 105]"
134,False,False,114.95855512747767,True,57.47927756373883,0.5,3.552713678800501e-14,75.88827699540019,2259.1634321527845,-671.1040773262574,817.7975999710346,1053.2838700631282,-949.0815755330234,-562.9338261595673,-1438.7747143895942,272.2684221106737,197.21683769798244,"(75, 90]"
135,False,False,2371.9991614698392,True,1185.9995807349196,0.5,0.0,179.00247509399563,1194.279306679357,715.3501338922661,-381.3661688166786,-1649.2711133479484,-568.3056753819606,-474.35633762715275,-485.7767716659119,184.84245244982492,3.9433296216577247,"(150, 180]"
136,False,False,227.18453632850486,True,113.59226816425243,0.5,0.0,151.71324117598613,1674.9499621489704,1107.252659889637,-1100.8390026308332,-676.293088678788,1489.3884904618499,-141.73083533962668,15.179637154241655,138.444205426115,289.5555297653379,"(150, 180]"
137,False,False,140.04175304829124,True,70.02087652414562,0.5,2.842170943040401e-14,70.29009791121617,2009.2310985245858,-1041.5581844235805,-684.2564083938511,81.0674902596162,1633.4525409053688,966.7780588094585,-624.2969104396796,1.1336660762952846,292.34437476973466,"(60, 75]"
138,False,False,127.04701217050153,True,63.523506085250766,0.5,3.552713678800501e-14,57.26799839656316,1328.588008360507,1087.436095922824,617.8301753267239,-717.1718675278814,584.2527157061309,984.1134273773656,-706.73410100115,264.8367164829411,322.30231569761514,"(45, 60]"
139,False,False,207.73169565406607,True,103.86584782703304,0.5,1.4210854715202004e-14,52.35545131626205,2176.1335653902415,-314.9670312048219,1173.7012835610708,1124.923395742825,-557.4372843135319,-1653.6372112205677,-541.9675200122342,231.07322901331366,180.2626643391018,"(45, 60]"
140,False,False,142.61109277302373,True,71.30554638651186,0.5,1.1368683772161603e-13,49.78578790140642,1630.3510758517323,-603.6447239629525,375.4286058393615,-48.23781714508057,-918.1505110943878,1026.301765353011,411.7476435120078,2.0445756588406114,51.09150905201279,"(45, 60]"
141,False,False,1874.8464389904302,True,937.4232194952151,0.5,0.0,4.905189495453549,1904.7186213185719,878.7944039994304,307.0565883122027,711.7388560325115,790.2213095624277,732.3599824579571,-1592.0247650230185,264.88913557958443,270.08570107078583,"(0, 30]"
142,False,False,6152.163887051875,True,3076.0819435259373,0.5,0.0,1.7564419997095455,2597.41544200987,-1491.2534124963622,797.6499963126796,-1126.6565316532094,466.01400790931757,642.9012894542377,-682.8737915858716,324.7805931836782,327.3632463629966,"(0, 30]"
143,False,False,136.09659956139566,True,68.04829978069783,0.5,0.0,45.44571958109803,2353.3160733881377,1280.2383043655443,1165.1163017066701,650.1181981114113,-744.886184043443,984.6761306521186,-1169.5655915577547,262.57107785911023,307.64044038026645,"(45, 60]"
144,False,False,148.5379185036598,True,74.2689592518299,0.5,0.0,145.2759103601636,778.4267318700014,1601.2815619278624,22.968557822509233,-771.6363392787015,717.1930237855418,830.591988713148,-86.51093170832641,188.6540563620079,333.14051411426874,"(120, 150]"
145,False,False,740.5702987866615,True,370.28514939333076,0.5,1.1368683772161603e-13,5.719730094966014,1477.7135962707048,-37.279291862946685,248.11482888169212,-219.21220921446542,18.182190106841315,-392.7917506492853,-1186.1962825062772,255.47031502602152,262.216795229837,"(0, 30]"
147,False,False,198.60278064533537,True,99.30139032266769,0.5,1.4210854715202004e-14,47.03239131723885,2126.843138108283,-643.7618892230322,-1662.423589380637,780.1589220282193,-612.1494012463226,-1293.5004298120737,362.74345631991747,108.01275636899715,154.4201737053833,"(45, 60]"
148,False,False,270.7229221533839,True,135.36146107669194,0.5,2.842170943040401e-14,38.11667541014165,1839.5189082711706,-694.323723464163,-417.3595249323496,1308.6106858698201,-712.1500058766663,-994.6158484343813,1397.483292935917,99.61996720463932,137.4443862602668,"(30, 45]"
149,False,False,66.18970358387583,True,33.09485179193791,0.5,0.0,93.40948335092952,998.1427321621916,-671.1490540736484,375.2954091691266,205.79357409059085,-1303.223244409175,-1128.3511949562396,-511.9785711439331,242.38061535725836,149.27403495912876,"(90, 105]"
150,False,False,312.55154153969994,True,156.27577076984997,0.5,5.684341886080802e-14,34.197202487324624,3269.234110417275,1608.4800422922772,-369.3397112494145,-384.5860591019369,-802.232157151307,-1503.778770873804,631.5282863336273,161.7005162848457,127.90411845613426,"(30, 45]"
151,False,False,286.32250947454133,True,143.16125473727067,0.5,0.0,40.828624988239376,2693.1368033297363,-464.72476824116785,1532.788873293889,1413.2650972548704,585.0323830172807,-1346.9428195067414,-1011.7498179958079,251.86145245252052,210.32972057898445,"(30, 45]"
152,False,False,763.2291782706527,True,381.61458913532636,0.5,1.1368683772161603e-13,6.92468772476962,1305.6275512361408,-201.2108267710198,-769.0054500690824,-991.6100051324645,-846.4999454452666,-1506.6011170978657,-793.8950556761326,180.18769848804567,173.90172382795154,"(0, 30]"
153,False,False,112.25992930983935,True,56.129964654919675,0.5,0.0,41.40240428516904,521.0226299982693,97.04006455281473,-385.05099542443236,1392.6590868648182,-663.1645223716171,-93.1590398301835,100.01485748857029,111.69058313494756,152.702863680723,"(30, 45]"
154,False,False,380.19503284888185,True,190.09751642444093,0.5,0.0,21.750120844506633,2659.598260734443,492.9819699730268,-1718.4685044896644,-39.15154065729584,-377.4134717490231,-1320.1289824213452,227.31966044742575,132.66879954521795,154.33182896918314,"(0, 30]"
155,False,False,150.32087582236124,True,75.16043791118062,0.5,1.4210854715202004e-14,151.07343400712048,1145.0886824034276,-333.18307316370766,-1615.67051161097,-980.2884550946314,398.2590834585051,-414.3618750328695,-473.46295923902676,94.24254411972794,303.65618349179186,"(150, 180]"
156,False,False,69.86286516230203,True,34.931432581151014,0.5,2.1316282072803006e-14,123.40018509401891,729.3883156467041,1355.5881016910646,-638.9977033186109,369.0449912841858,716.2416515182438,664.4921318978238,-405.7731858735617,162.11497199025376,285.2507371799426,"(120, 150]"
157,False,False,168.94840379836603,True,84.47420189918302,0.5,0.0,163.29717797214667,517.6391512000521,417.3685482578153,845.755907639456,-578.3677444339897,1680.9997959175278,-31.547171106036256,1103.4863244767903,149.46164418075304,313.8884024101204,"(150, 180]"
158,False,False,121.5127169887712,True,60.7563584943856,0.5,0.0,70.74230560193669,2177.655749979964,1445.1789908630897,470.6341879940127,505.21753526910817,-1635.302587038066,-604.4713695858954,-264.9730205977364,198.79096703191848,128.77298657858606,"(60, 75]"
159,False,False,96.36995026970942,True,48.18497513485471,0.5,7.105427357601002e-15,63.02866223281088,1567.7347196291933,-210.02907700538213,-1244.2218196661393,-530.3219017162762,244.45867483708753,-1601.144511524343,-521.3179540145935,152.6851597041935,215.78495490908173,"(60, 75]"
160,False,False,33.72193124511794,True,16.86096562255897,0.5,1.0658141036401503e-14,88.19418403376804,583.501056629248,-442.6658896434072,-1134.4034057592403,62.61420398003098,-332.10335556311395,139.44818757748254,-1094.1953942600264,4.731027880195747,275.80469206645654,"(75, 90]"
161,False,False,861.0068637302486,True,430.5034318651243,0.5,5.684341886080802e-14,8.830279624725112,2258.1269779698987,-783.9461325327244,-1343.906432410914,-512.0821743700016,-1013.8190809842222,-1014.0987705008188,902.4611269773075,95.25214895892726,104.77759217954612,"(0, 30]"
162,False,False,192.78524491741985,True,96.39262245870992,0.5,8.526512829121202e-14,25.36502390569206,1788.0052614772203,332.43009536989206,1583.4221939656093,1378.880244390535,1152.5921935106858,1709.9321435703419,443.48758080843845,321.3325282706493,295.3200095505851,"(0, 30]"
163,False,False,456.5015340166206,True,228.2507670083103,0.5,5.684341886080802e-14,27.75039085860258,3066.457871009899,757.7742315465241,1157.8621097647983,-559.6437157982621,1708.3928070856189,-1596.8219712594635,-806.5819837156415,220.54377674406095,247.26519789522558,"(0, 30]"
164,False,False,137.90052110523627,True,68.95026055261813,0.5,1.2789769243681803e-13,59.50142556976564,1667.2948702779984,-913.2350172694232,-872.7988766436936,562.9216079862264,309.2490239681373,-1476.642580536781,696.4187953535555,110.1874239012348,168.30852804543574,"(45, 60]"
165,False,False,490.4624076581278,True,245.2312038290639,0.5,0.0,15.41975438117762,2192.8690600463124,-189.38964741889222,1404.628368431296,384.00406134567487,1698.7079622939445,465.18867373844176,-688.2648290298744,288.3538977795443,271.2213363376449,"(0, 30]"
166,False,False,880.0695509624078,True,440.0347754812039,0.5,0.0,174.6330354740855,1982.884560591736,-1365.971900498331,-1010.3426068174626,719.270345552707,898.0933331655733,133.70142365070447,286.8894855503079,41.856719900490056,227.02901414726614,"(150, 180]"
167,False,False,147.39120737474,True,73.69560368737,0.5,7.105427357601002e-14,48.39499180245689,2203.7508433101343,371.9842651057931,522.7697054548908,857.877522268722,-1063.2061108750484,-308.93865883286446,-1573.145786888481,251.89850136378016,203.0722073736134,"(45, 60]"
168,False,False,138.35115299666316,True,69.17557649833158,0.5,0.0,61.045328024118454,2041.1789586737118,-1237.6295774195419,408.26677283099514,580.5967110407099,-492.2128039284622,513.2097247696549,1457.53951108447,31.893256375714977,92.70390493589588,"(60, 75]"
169,False,False,176.2729874052842,True,88.1364937026421,0.5,2.842170943040401e-14,16.633126444808873,456.2391327558833,465.3662606073353,-661.2083031055212,899.2316298117149,-649.4368348032089,94.85502113374805,-927.4329595173318,215.52994878612932,199.61454949531225,"(0, 30]"
170,False,False,616.0242392588087,True,308.01211962940437,0.5,5.684341886080802e-14,6.2477703398143385,537.5258576179239,390.4596732308874,-547.1001859186842,-453.2630652835048,-461.9238572665658,926.373353893559,-505.5000118027917,3.840423577569257,357.5521052496092,"(0, 30]"
171,False,False,77.21703439413521,True,38.608517197067606,0.5,3.552713678800501e-14,95.72559913582539,1948.9219644272146,-944.5435804155532,-1093.4687272424974,1044.9961542009771,-153.00137807718966,364.9191329085856,350.00078259850295,47.20012335658082,143.15274413074,"(90, 105]"
173,False,False,391.12155524564196,True,195.56077762282098,0.5,0.0,23.805372864876233,2860.564279001207,-1372.2680680238986,758.7860301399219,-1217.0492785896736,-638.7090264161993,378.3375770128335,-1503.559626443798,307.02960854546615,330.9221429538347,"(0, 30]"
174,False,False,2106.7281773552977,True,1053.3640886776489,0.5,0.0,2.9973413590802505,1892.3554315934325,1071.261046754281,-199.63485452018028,874.6565758588225,-274.35024950030027,-815.8681926477494,-59.09193127223052,176.11341087819125,172.33968950654426,"(0, 30]"
175,False,False,450.3159331027373,True,225.15796655136865,0.5,0.0,14.599497237697518,2008.2414117424942,-800.0617724373961,22.0517503486046,-484.5602004549644,-374.1479992364033,1007.7212262788677,896.6683505740511,24.874160699499956,41.067995493170194,"(0, 30]"
176,False,False,139.7986674315994,True,69.8993337157997,0.5,0.0,119.39930092646134,2254.6169135707655,-193.04995368700656,-1758.8845758219848,-434.6328226592631,1745.6580932510108,-1338.9155495190294,182.83874722069015,120.37010872413177,239.09300482518043,"(105, 120]"
177,False,False,1120.6122101592805,True,560.3061050796402,0.5,0.0,8.823875612288115,1776.647326254477,-684.0902981219127,871.6255764498079,-87.2472157582606,1696.0145223486265,-1039.753813177685,-869.0579634118623,259.34250795498843,250.50216232583628,"(0, 30]"
178,False,False,236.33240170920712,True,118.16620085460356,0.5,9.947598300641403e-14,29.20202343336721,2053.8728559149245,-728.6648066829327,714.6550618045924,256.7681940713147,-112.15138260779507,236.68472363062045,-1098.2139330727346,297.261294025455,269.6191317980502,"(0, 30]"
179,False,False,116.91412146830926,True,58.45706073415463,0.5,7.105427357601002e-15,135.00997835878144,494.11028484813295,450.22239583811523,-416.01107700894875,-958.913618340509,1401.5706476524124,-24.8398543555879,-280.14043252089715,163.05446932077282,299.69960747166994,"(120, 150]"
180,False,False,1423.5667100854403,True,711.7833550427201,0.5,0.0,179.1378099342,1059.1983331344652,168.3802379481819,1699.1055931864696,-564.9995038304673,478.984151520842,-373.7868129725785,789.1847187085209,238.76093446829566,58.59377548378674,"(150, 180]"
181,False,False,128.72542044655157,True,64.36271022327578,0.5,8.526512829121202e-14,51.01320483308693,2328.15295551576,-1553.4865441065506,867.3443009478684,305.1019421848937,1270.9440053338033,747.1583601360546,510.5121150967292,351.631719926051,299.5947178722583,"(45, 60]"
182,False,False,303.24312045334534,True,151.62156022667267,0.5,8.526512829121202e-14,26.08971102728595,2169.6832619456895,801.0455619173144,-1507.8037204658892,-359.6696862673031,-1557.360347057291,-1137.5942266159907,-533.5341338099016,152.56920490474047,128.01033525776222,"(0, 30]"
183,False,False,226.76591108098836,True,113.38295554049418,0.5,1.1368683772161603e-13,34.18163681858686,271.67060183795115,-1063.357521871739,1138.9071237058313,1409.8161379000712,-394.36492549073864,-1333.826464999624,1113.3832778694475,185.20265209691348,152.1749092032352,"(30, 45]"
184,False,False,204.06328411932805,True,102.03164205966402,0.5,0.0,38.8727352620485,915.8250572258956,691.760455868159,257.11070424951185,-1089.5166033164899,1184.308898432136,803.3330515615602,-651.8926463125484,277.7458836491039,315.1173543880938,"(30, 45]"
185,False,False,207.07473000462167,True,103.53736500231084,0.5,0.0,162.53171825399477,393.55783626472237,-553.6116784317649,1001.8543811727363,811.3091560890441,-16.343151650552215,-191.96511531322443,846.6141355213023,336.76406889558876,140.08605542952512,"(150, 180]"
186,False,False,601.988367114326,True,300.994183557163,0.5,5.684341886080802e-14,11.651063726867662,1214.787346977386,358.4049691609648,-25.292811864296933,-1094.9514952306783,-1278.4652141925553,1486.5215426899324,425.3304175698032,21.05828654998252,34.14924045244897,"(0, 30]"
187,False,False,104.79052832359368,True,52.39526416179684,0.5,0.0,102.9293736987545,1684.0890771667828,-538.432972701016,-1206.9000011117691,1614.2648619402328,778.0871189289309,-410.8667126972184,472.35068569503085,86.28724181996239,189.07278960645186,"(90, 105]"
188,False,False,787.8023650692202,True,393.9011825346101,0.5,5.684341886080802e-14,13.309656835519446,2444.134655738659,436.5160587667881,-936.5028172414045,1322.319732501027,-879.8120847504288,-1167.3875368989513,907.7551558180169,130.8393963562799,144.63815046854884,"(0, 30]"
189,False,False,69.7697747353155,True,34.88488736765775,0.5,1.1368683772161603e-13,64.5546694805818,1213.930332233813,-1044.3939359489682,-668.022726501068,127.54211947894636,-720.2698279590586,-245.78894699871498,-1582.274837869186,311.62454064103747,246.63170186370013,"(60, 75]"
190,False,False,247.151584819635,True,123.5757924098175,0.5,5.684341886080802e-14,29.19851226340951,1585.9604734747404,826.0477888818413,561.2705427890464,1312.520954896075,-74.1848283178429,-154.25705404515008,-685.4343294073007,230.98672304681727,203.409261458803,"(0, 30]"
191,False,False,90.61789152983275,True,45.30894576491637,0.5,0.0,83.7962456600773,1019.8440566866457,-743.2196671553794,161.89965030611614,1707.8485620842964,91.4002915811738,-452.3403821912161,-815.5823912362393,287.47681894447993,201.7845576262405,"(75, 90]"
192,False,False,124.90324280891822,True,62.45162140445911,0.5,0.0,28.798274947447965,1366.2141526610726,138.88300630463985,-1732.0305279172237,353.07072656856104,-614.9013937662189,547.6050574944164,-428.3866364335737,72.22919788803348,44.506991897350844,"(0, 30]"
193,False,False,95.18748671080567,True,47.593743355402836,0.5,7.105427357601002e-15,61.31853726155995,1072.6360373836424,414.44628731791926,1003.097278291598,1494.6726939812659,-39.50262199396497,-183.05123908476864,112.28597692819943,236.4418403252227,175.04243507613762,"(60, 75]"
194,False,False,901.957395236189,True,450.9786976180945,0.5,0.0,7.730777938998577,1426.7480209640191,-1488.9195505927228,348.3176498661407,-1179.872191287116,358.31945436139057,-238.43910303701,-338.63836445035776,330.789888072157,323.81787314970705,"(0, 30]"
195,False,False,282.73733644770067,True,141.36866822385034,0.5,0.0,169.1853591273067,275.70709101889065,177.58939632075706,20.469637269086824,114.63599808234721,1502.863437853267,208.24961104674082,294.46662862310774,82.99745243708574,273.55035006873345,"(150, 180]"
196,False,False,969.9294714036246,True,484.9647357018123,0.5,5.684341886080802e-14,6.817733668757755,1366.651283904798,-104.61411201806123,1195.4352849478712,575.7644937042951,659.9327296908443,908.016014265733,277.6575563332027,317.26727824304226,311.8013362428022,"(0, 30]"
197,False,False,1890.501845097891,True,945.2509225489455,0.5,0.0,179.58451020101933,392.62133916161497,-177.22512307510328,1705.1895046836453,-10.281056108595692,-177.9267702242867,-144.80161969891543,1313.9092567872376,274.64824613691513,94.82558412787102,"(150, 180]"
198,False,False,64.51743588604589,True,32.258717943022944,0.5,0.0,79.60534457764412,534.5167990083226,-474.77055163794336,-99.13044466878674,-798.8350716184392,1486.0542371214053,-1008.5613252744805,-126.9803711069442,182.7087686709701,261.91303935613774,"(75, 90]"
199,False,False,42.67353310167611,True,21.336766550838053,0.5,3.552713678800501e-15,101.06980733337026,1063.4745329074415,1674.1025914629718,-416.4196336556884,856.7491857688244,-1295.7703422590253,739.8972179969704,-924.59126050035,209.108371546654,108.17293096479538,"(90, 105]"
200,False,False,563.038004952145,True,281.5190024760725,0.5,0.0,14.81078388525001,1384.9859339799905,-877.4569132888688,-262.27619056564544,-653.5810547316003,-1424.4041776619351,-374.0620236589106,1027.9872020859746,68.84925165325645,83.25816480485666,"(0, 30]"
201,False,False,66.54129403523469,True,33.27064701761734,0.5,7.105427357601002e-15,43.12177264095706,684.7819465660725,422.7985759104308,-763.9860401182419,-84.9439588496153,-689.2003166007868,297.61604436021304,-90.74340322014852,101.2688879889624,58.185553789424176,"(30, 45]"
202,False,False,2205.623028257291,True,1102.8115141286455,0.5,0.0,5.81662265680729,2474.5723951041,114.98347509841645,1315.53459699242,550.2237800357775,1471.0582113948217,-1183.8403470465123,-790.7809581037487,238.26171342889702,232.59690096274377,"(0, 30]"
203,False,False,70.64957906613284,True,35.32478953306642,0.5,0.0,113.7234992693465,543.373130799805,24.990865991588773,-645.8890481302049,1641.4514758704377,235.44518059072504,126.79933043928791,-112.13873586614294,78.2451782397863,192.81252941140082,"(105, 120]"
204,False,False,193.00951233779168,True,96.50475616889584,0.5,0.0,24.32453909070957,1369.5861061716291,403.2025453885347,-50.44251006698383,169.82328393877023,-566.1479540023987,1220.0007716761306,-1149.8090366411752,305.8892572467838,331.53781943233514,"(0, 30]"
205,False,False,233.2984521641546,True,116.6492260820773,0.5,1.2789769243681803e-13,47.76161638210727,3124.9492207856165,-1641.1759505667553,104.37797187230404,385.55920265769436,1220.4677006082911,1406.8424800758455,-584.7455866798952,347.2234216894508,300.4168883048173,"(45, 60]"
206,False,False,65.1533044928449,True,32.57665224642245,0.5,2.842170943040401e-14,70.04541627211741,1554.0946636424944,54.62674568356334,-1684.3039217344815,15.383988870356776,-215.66013053070787,385.77510472007936,-165.89982931721573,77.01324650718576,7.899614172687296,"(60, 75]"
