run,log_file,channel,detected,first_detect_vt_s,first_detect_radius_m,n_bearings,cleared,clear_vt_s,locate_clear_time_s,n_clear_attempts,n_clear_fail,clear_success_rate
1,r01_20260912_225951.jsonl,1,1,3828.046,1300.0,4,1,4782.218,954.171,1,0,1.0
1,r01_20260912_225951.jsonl,2,1,11.0,0.0,3,1,1881.67,1870.67,1,0,1.0
1,r01_20260912_225951.jsonl,3,1,17.0,0.0,3,1,680.658,663.658,1,0,1.0
1,r01_20260912_225951.jsonl,4,1,23.0,0.0,4,1,6033.639,6010.639,2,1,0.5
1,r01_20260912_225951.jsonl,5,1,1192.022,400.0,5,1,2390.828,1198.806,1,0,1.0
1,r01_20260912_225951.jsonl,6,0,,,0,0,,,0,0,
1,r01_20260912_225951.jsonl,7,0,,,0,0,,,0,0,
1,r01_20260912_225951.jsonl,8,1,47.0,0.0,3,1,982.257,935.257,1,0,1.0
1,r01_20260912_225951.jsonl,9,0,,,0,0,,,0,0,
1,r01_20260912_225951.jsonl,10,1,59.0,0.0,4,1,3283.011,3224.011,1,0,1.0
1,r01_20260912_225951.jsonl,11,1,65.0,0.0,4,1,1596.599,1531.599,1,0,1.0
1,r01_20260912_225951.jsonl,12,0,,,0,0,,,0,0,
1,r01_20260912_225951.jsonl,13,1,4925.906,1300.0,2,1,5660.258,734.352,2,1,0.5
1,r01_20260912_225951.jsonl,14,1,563.0,400.0,3,1,5026.02,4463.02,1,0,1.0
1,r01_20260912_225951.jsonl,15,1,4931.906,1300.0,4,1,5760.444,828.538,1,0,1.0
1,r01_20260912_225951.jsonl,16,1,4937.906,1300.0,3,1,5499.657,561.751,1,0,1.0
1,r01_20260912_225951.jsonl,17,0,,,0,0,,,0,0,
1,r01_20260912_225951.jsonl,18,1,107.0,0.0,6,1,3417.061,3310.061,1,0,1.0
1,r01_20260912_225951.jsonl,19,1,599.0,400.0,4,1,5066.801,4467.801,1,0,1.0
1,r01_20260912_225951.jsonl,20,1,119.0,0.0,5,1,6218.496,6099.496,1,0,1.0
2,r02_20260912_230001.jsonl,1,0,,,0,0,,,0,0,
2,r02_20260912_230001.jsonl,2,1,3807.871,1300.0,3,1,4439.744,631.872,1,0,1.0
2,r02_20260912_230001.jsonl,3,1,17.0,0.0,4,1,1028.24,1011.24,1,0,1.0
2,r02_20260912_230001.jsonl,4,0,,,0,0,,,0,0,
2,r02_20260912_230001.jsonl,5,1,29.0,0.0,4,1,7318.328,7289.328,1,0,1.0
2,r02_20260912_230001.jsonl,6,1,3789.871,1300.0,5,1,8114.253,4324.381,1,0,1.0
2,r02_20260912_230001.jsonl,7,1,41.0,0.0,4,1,7646.518,7605.518,2,1,0.5
2,r02_20260912_230001.jsonl,8,0,,,0,0,,,0,0,
2,r02_20260912_230001.jsonl,9,1,53.0,0.0,3,1,6452.162,6399.162,1,0,1.0
2,r02_20260912_230001.jsonl,10,1,3460.094,1900.0,4,1,6669.121,3209.027,1,0,1.0
2,r02_20260912_230001.jsonl,11,1,65.0,0.0,3,1,695.618,630.618,1,0,1.0
2,r02_20260912_230001.jsonl,12,0,,,0,0,,,0,0,
2,r02_20260912_230001.jsonl,13,1,234.0,400.0,4,1,3670.551,3436.551,1,0,1.0
2,r02_20260912_230001.jsonl,14,0,,,0,0,,,0,0,
2,r02_20260912_230001.jsonl,15,1,89.0,0.0,4,1,6566.527,6477.527,1,0,1.0
2,r02_20260912_230001.jsonl,16,1,95.0,0.0,3,1,2587.694,2492.694,1,0,1.0
2,r02_20260912_230001.jsonl,17,0,,,0,0,,,0,0,
2,r02_20260912_230001.jsonl,18,1,216.0,400.0,3,1,3632.975,3416.975,1,0,1.0
2,r02_20260912_230001.jsonl,19,0,,,0,0,,,0,0,
2,r02_20260912_230001.jsonl,20,0,,,0,0,,,0,0,
3,r03_20260912_230021.jsonl,1,1,5.0,0.0,3,1,922.42,917.42,1,0,1.0
3,r03_20260912_230021.jsonl,2,1,265.0,400.0,4,1,2165.022,1900.022,1,0,1.0
3,r03_20260912_230021.jsonl,3,1,17.0,0.0,3,1,966.211,949.211,1,0,1.0
3,r03_20260912_230021.jsonl,4,0,,,0,0,,,0,0,
3,r03_20260912_230021.jsonl,5,1,4672.679,1300.0,3,1,5314.024,641.346,2,1,0.5
3,r03_20260912_230021.jsonl,6,0,,,0,0,,,0,0,
3,r03_20260912_230021.jsonl,7,0,,,0,0,,,0,0,
3,r03_20260912_230021.jsonl,8,1,47.0,0.0,3,1,702.868,655.868,1,0,1.0
3,r03_20260912_230021.jsonl,9,1,53.0,0.0,2,1,304.302,251.302,1,0,1.0
3,r03_20260912_230021.jsonl,10,1,59.0,0.0,3,1,1377.253,1318.253,1,0,1.0
3,r03_20260912_230021.jsonl,11,0,,,0,0,,,0,0,
3,r03_20260912_230021.jsonl,12,1,448.604,400.0,2,1,1720.041,1271.437,2,1,0.5
3,r03_20260912_230021.jsonl,13,1,606.604,400.0,4,1,5797.602,5190.998,1,0,1.0
3,r03_20260912_230021.jsonl,14,1,843.437,400.0,3,1,4198.98,3355.544,1,0,1.0
3,r03_20260912_230021.jsonl,15,0,,,0,0,,,0,0,
3,r03_20260912_230021.jsonl,16,1,95.0,0.0,5,1,2596.644,2501.644,1,0,1.0
3,r03_20260912_230021.jsonl,17,1,1182.141,400.0,5,1,3560.349,2378.209,1,0,1.0
3,r03_20260912_230021.jsonl,18,1,107.0,0.0,5,1,5574.046,5467.046,1,0,1.0
3,r03_20260912_230021.jsonl,19,1,113.0,0.0,3,1,4401.21,4288.21,2,1,0.5
3,r03_20260912_230021.jsonl,20,1,119.0,0.0,4,1,4555.696,4436.696,1,0,1.0
4,r04_20260912_230035.jsonl,1,1,3733.547,1900.0,4,1,5484.599,1751.051,1,0,1.0
4,r04_20260912_230035.jsonl,2,1,1653.591,1300.0,4,1,2608.511,954.92,1,0,1.0
4,r04_20260912_230035.jsonl,3,1,4918.616,1900.0,3,1,6316.594,1397.978,1,0,1.0
4,r04_20260912_230035.jsonl,4,1,907.565,400.0,5,1,7798.029,6890.464,1,0,1.0
4,r04_20260912_230035.jsonl,5,0,,,0,0,,,0,0,
4,r04_20260912_230035.jsonl,6,1,4434.444,1900.0,3,1,5151.534,717.09,1,0,1.0
4,r04_20260912_230035.jsonl,7,0,,,0,0,,,0,0,
4,r04_20260912_230035.jsonl,8,1,47.0,0.0,7,1,1501.815,1454.815,1,0,1.0
4,r04_20260912_230035.jsonl,9,0,,,0,0,,,0,0,
4,r04_20260912_230035.jsonl,10,1,3697.547,1900.0,3,1,4122.496,424.948,1,0,1.0
4,r04_20260912_230035.jsonl,11,0,,,0,0,,,0,0,
4,r04_20260912_230035.jsonl,12,0,,,0,0,,,0,0,
4,r04_20260912_230035.jsonl,13,1,6091.188,1900.0,3,1,6733.249,642.061,1,0,1.0
4,r04_20260912_230035.jsonl,14,1,83.0,0.0,3,1,391.904,308.904,1,0,1.0
4,r04_20260912_230035.jsonl,15,0,,,0,0,,,0,0,
4,r04_20260912_230035.jsonl,16,0,,,0,0,,,0,0,
4,r04_20260912_230035.jsonl,17,0,,,0,0,,,0,0,
4,r04_20260912_230035.jsonl,18,0,,,0,0,,,0,0,
4,r04_20260912_230035.jsonl,19,0,,,0,0,,,0,0,
4,r04_20260912_230035.jsonl,20,1,537.565,400.0,4,1,6934.074,6396.509,1,0,1.0
5,r05_20260912_230050.jsonl,1,1,5.0,0.0,3,1,4638.665,4633.665,2,1,0.5
5,r05_20260912_230050.jsonl,2,1,1073.527,400.0,3,1,2139.614,1066.088,1,0,1.0
5,r05_20260912_230050.jsonl,3,0,,,0,0,,,0,0,
5,r05_20260912_230050.jsonl,4,0,,,0,0,,,0,0,
5,r05_20260912_230050.jsonl,5,0,,,0,0,,,0,0,
5,r05_20260912_230050.jsonl,6,1,35.0,0.0,3,1,3991.196,3956.196,2,1,0.5
5,r05_20260912_230050.jsonl,7,1,41.0,0.0,4,1,4083.787,4042.787,1,0,1.0
5,r05_20260912_230050.jsonl,8,1,515.0,400.0,5,1,4166.845,3651.845,1,0,1.0
5,r05_20260912_230050.jsonl,9,1,53.0,0.0,5,1,6425.672,6372.672,1,0,1.0
5,r05_20260912_230050.jsonl,10,1,59.0,0.0,3,1,4931.331,4872.331,1,0,1.0
5,r05_20260912_230050.jsonl,11,1,5444.225,1900.0,3,1,5766.016,321.792,1,0,1.0
5,r05_20260912_230050.jsonl,12,1,229.0,400.0,2,1,1529.564,1300.564,2,1,0.5
5,r05_20260912_230050.jsonl,13,1,77.0,0.0,2,1,1216.858,1139.858,1,0,1.0
5,r05_20260912_230050.jsonl,14,1,83.0,0.0,3,1,6143.124,6060.124,1,0,1.0
5,r05_20260912_230050.jsonl,15,0,,,0,0,,,0,0,
5,r05_20260912_230050.jsonl,16,1,95.0,0.0,3,1,2391.198,2296.198,1,0,1.0
5,r05_20260912_230050.jsonl,17,1,1413.924,1300.0,3,1,1867.741,453.817,1,0,1.0
5,r05_20260912_230050.jsonl,18,1,211.0,400.0,4,1,2649.101,2438.101,1,0,1.0
5,r05_20260912_230050.jsonl,19,0,,,0,0,,,0,0,
5,r05_20260912_230050.jsonl,20,1,119.0,0.0,2,1,774.763,655.763,1,0,1.0
6,r06_20260912_230104.jsonl,1,0,,,0,0,,,0,0,
6,r06_20260912_230104.jsonl,2,1,868.156,400.0,4,1,2782.111,1913.955,1,0,1.0
6,r06_20260912_230104.jsonl,3,1,282.0,400.0,4,1,6485.051,6203.051,1,0,1.0
6,r06_20260912_230104.jsonl,4,0,,,0,0,,,0,0,
6,r06_20260912_230104.jsonl,5,1,2900.54,1900.0,4,1,3286.678,386.138,1,0,1.0
6,r06_20260912_230104.jsonl,6,1,35.0,0.0,4,1,1457.074,1422.074,1,0,1.0
6,r06_20260912_230104.jsonl,7,0,,,0,0,,,0,0,
6,r06_20260912_230104.jsonl,8,0,,,0,0,,,0,0,
6,r06_20260912_230104.jsonl,9,0,,,0,0,,,0,0,
6,r06_20260912_230104.jsonl,10,1,59.0,0.0,3,1,4665.492,4606.492,1,0,1.0
6,r06_20260912_230104.jsonl,11,1,65.0,0.0,3,1,760.26,695.26,1,0,1.0
6,r06_20260912_230104.jsonl,12,0,,,0,0,,,0,0,
6,r06_20260912_230104.jsonl,13,1,598.0,400.0,3,1,932.828,334.828,1,0,1.0
6,r06_20260912_230104.jsonl,14,0,,,0,0,,,0,0,
6,r06_20260912_230104.jsonl,15,0,,,0,0,,,0,0,
6,r06_20260912_230104.jsonl,16,1,95.0,0.0,3,1,5320.528,5225.528,1,0,1.0
6,r06_20260912_230104.jsonl,17,1,458.0,400.0,3,1,4955.668,4497.668,1,0,1.0
6,r06_20260912_230104.jsonl,18,1,3610.934,1900.0,4,1,4109.751,498.817,1,0,1.0
6,r06_20260912_230104.jsonl,19,0,,,0,0,,,0,0,
6,r06_20260912_230104.jsonl,20,1,476.0,400.0,5,1,4404.413,3928.413,1,0,1.0
7,r07_20260912_230119.jsonl,1,1,5.0,0.0,5,1,4239.732,4234.732,1,0,1.0
7,r07_20260912_230119.jsonl,2,1,938.0,400.0,5,1,5587.493,4649.493,1,0,1.0
7,r07_20260912_230119.jsonl,3,1,598.0,400.0,4,1,4705.68,4107.68,1,0,1.0
7,r07_20260912_230119.jsonl,4,0,,,0,0,,,0,0,
7,r07_20260912_230119.jsonl,5,1,29.0,0.0,3,1,5004.141,4975.141,1,0,1.0
7,r07_20260912_230119.jsonl,6,0,,,0,0,,,0,0,
7,r07_20260912_230119.jsonl,7,1,4062.373,1900.0,4,1,4432.954,370.581,1,0,1.0
7,r07_20260912_230119.jsonl,8,0,,,0,0,,,0,0,
7,r07_20260912_230119.jsonl,9,0,,,0,0,,,0,0,
7,r07_20260912_230119.jsonl,10,1,452.0,400.0,4,1,3312.151,2860.151,1,0,1.0
7,r07_20260912_230119.jsonl,11,1,6399.671,1900.0,3,1,6769.478,369.808,1,0,1.0
7,r07_20260912_230119.jsonl,12,0,,,0,0,,,0,0,
7,r07_20260912_230119.jsonl,13,1,986.0,400.0,4,1,6090.286,5104.286,1,0,1.0
7,r07_20260912_230119.jsonl,14,0,,,0,0,,,0,0,
7,r07_20260912_230119.jsonl,15,0,,,0,0,,,0,0,
7,r07_20260912_230119.jsonl,16,1,228.0,400.0,5,1,1503.484,1275.484,1,0,1.0
7,r07_20260912_230119.jsonl,17,1,416.0,400.0,5,1,3904.686,3488.686,1,0,1.0
7,r07_20260912_230119.jsonl,18,0,,,0,0,,,0,0,
7,r07_20260912_230119.jsonl,19,1,210.0,400.0,3,1,2282.215,2072.215,1,0,1.0
7,r07_20260912_230119.jsonl,20,0,,,0,0,,,0,0,
8,r08_20260912_230136.jsonl,1,0,,,0,0,,,0,0,
8,r08_20260912_230136.jsonl,2,1,387.0,400.0,2,1,2894.571,2507.571,2,1,0.5
8,r08_20260912_230136.jsonl,3,1,17.0,0.0,3,1,5686.754,5669.754,1,0,1.0
8,r08_20260912_230136.jsonl,4,1,23.0,0.0,4,1,1307.132,1284.132,1,0,1.0
8,r08_20260912_230136.jsonl,5,1,587.0,400.0,4,1,3978.053,3391.053,1,0,1.0
8,r08_20260912_230136.jsonl,6,1,265.0,400.0,5,1,2437.577,2172.577,1,0,1.0
8,r08_20260912_230136.jsonl,7,1,41.0,0.0,4,1,5815.849,5774.849,1,0,1.0
8,r08_20260912_230136.jsonl,8,0,,,0,0,,,0,0,
8,r08_20260912_230136.jsonl,9,1,2597.208,1900.0,6,1,3568.06,970.851,1,0,1.0
8,r08_20260912_230136.jsonl,10,1,247.0,400.0,5,1,6927.957,6680.957,1,0,1.0
8,r08_20260912_230136.jsonl,11,1,1919.208,1300.0,3,1,2246.281,327.073,1,0,1.0
8,r08_20260912_230136.jsonl,12,0,,,0,0,,,0,0,
8,r08_20260912_230136.jsonl,13,0,,,0,0,,,0,0,
8,r08_20260912_230136.jsonl,14,1,1421.749,1300.0,2,1,1684.259,262.509,1,0,1.0
8,r08_20260912_230136.jsonl,15,0,,,0,0,,,0,0,
8,r08_20260912_230136.jsonl,16,1,211.0,400.0,3,1,2019.806,1808.806,1,0,1.0
8,r08_20260912_230136.jsonl,17,1,101.0,0.0,5,1,6677.977,6576.977,1,0,1.0
8,r08_20260912_230136.jsonl,18,1,107.0,0.0,2,1,670.986,563.986,1,0,1.0
8,r08_20260912_230136.jsonl,19,1,1433.749,1300.0,4,1,1825.291,391.542,1,0,1.0
8,r08_20260912_230136.jsonl,20,1,119.0,0.0,3,1,4592.942,4473.942,1,0,1.0
9,r09_20260912_230156.jsonl,1,1,5.0,0.0,5,1,527.414,522.414,1,0,1.0
9,r09_20260912_230156.jsonl,2,0,,,0,0,,,0,0,
9,r09_20260912_230156.jsonl,3,1,860.359,400.0,4,1,5054.221,4193.861,1,0,1.0
9,r09_20260912_230156.jsonl,4,1,23.0,0.0,4,1,3746.782,3723.782,1,0,1.0
9,r09_20260912_230156.jsonl,5,1,29.0,0.0,5,1,2708.065,2679.065,1,0,1.0
9,r09_20260912_230156.jsonl,6,1,5842.812,1900.0,5,0,,,0,0,
9,r09_20260912_230156.jsonl,7,1,2311.797,1300.0,6,1,3253.21,941.413,1,0,1.0
9,r09_20260912_230156.jsonl,8,1,1948.634,1900.0,3,1,2427.077,478.443,1,0,1.0
9,r09_20260912_230156.jsonl,9,0,,,0,0,,,0,0,
9,r09_20260912_230156.jsonl,10,1,5830.812,1900.0,4,1,6921.448,1090.635,1,0,1.0
9,r09_20260912_230156.jsonl,11,1,1116.359,400.0,3,1,1598.962,482.603,1,0,1.0
9,r09_20260912_230156.jsonl,12,0,,,0,0,,,0,0,
9,r09_20260912_230156.jsonl,13,1,77.0,0.0,5,1,8180.521,8103.521,1,0,1.0
9,r09_20260912_230156.jsonl,14,1,83.0,0.0,4,1,2152.648,2069.648,1,0,1.0
9,r09_20260912_230156.jsonl,15,1,89.0,0.0,5,1,6209.448,6120.448,1,0,1.0
9,r09_20260912_230156.jsonl,16,1,95.0,0.0,3,1,749.758,654.758,1,0,1.0
9,r09_20260912_230156.jsonl,17,1,101.0,0.0,4,1,1318.332,1217.332,1,0,1.0
9,r09_20260912_230156.jsonl,18,0,,,0,0,,,0,0,
9,r09_20260912_230156.jsonl,19,1,113.0,0.0,5,1,5183.996,5070.996,1,0,1.0
9,r09_20260912_230156.jsonl,20,1,368.0,400.0,3,1,3488.07,3120.07,1,0,1.0
10,r10_20260912_230210.jsonl,1,1,3912.345,1900.0,3,1,4366.254,453.909,1,0,1.0
10,r10_20260912_230210.jsonl,2,1,1062.73,400.0,5,1,6967.821,5905.091,1,0,1.0
10,r10_20260912_230210.jsonl,3,1,2200.871,1300.0,3,1,3028.239,827.368,1,0,1.0
10,r10_20260912_230210.jsonl,4,1,23.0,0.0,5,1,5128.27,5105.27,1,0,1.0
10,r10_20260912_230210.jsonl,5,1,29.0,0.0,4,1,7082.406,7053.406,1,0,1.0
10,r10_20260912_230210.jsonl,6,1,392.0,400.0,4,1,5836.654,5444.654,1,0,1.0
10,r10_20260912_230210.jsonl,7,0,,,0,0,,,0,0,
10,r10_20260912_230210.jsonl,8,1,264.0,400.0,3,1,6089.95,5825.95,2,1,0.5
10,r10_20260912_230210.jsonl,9,1,422.0,400.0,5,1,5024.277,4602.277,2,1,0.5
10,r10_20260912_230210.jsonl,10,1,1020.73,400.0,6,1,2329.272,1308.542,1,0,1.0
10,r10_20260912_230210.jsonl,11,1,1440.625,1300.0,6,1,6866.708,5426.082,1,0,1.0
10,r10_20260912_230210.jsonl,12,0,,,0,0,,,0,0,
10,r10_20260912_230210.jsonl,13,1,4767.163,1900.0,4,1,5369.47,602.307,1,0,1.0
10,r10_20260912_230210.jsonl,14,1,83.0,0.0,5,1,3627.791,3544.791,1,0,1.0
10,r10_20260912_230210.jsonl,15,0,,,0,0,,,0,0,
10,r10_20260912_230210.jsonl,16,1,458.0,400.0,3,1,5590.707,5132.707,1,0,1.0
10,r10_20260912_230210.jsonl,17,1,101.0,0.0,2,1,871.865,770.865,1,0,1.0
10,r10_20260912_230210.jsonl,18,0,,,0,0,,,0,0,
10,r10_20260912_230210.jsonl,19,0,,,0,0,,,0,0,
10,r10_20260912_230210.jsonl,20,0,,,0,0,,,0,0,
